learning_rate,learner,model,embedding_size,weight_decay,train_batch_size,mae
0.1,adam,NeuCMFii,32,0.0,500,0.8207
0.1,adam,NeuCMFii,32,0.0,1000,0.8194
0.1,adam,NeuCMFii,32,0.01,500,0.8357
0.1,adam,NeuCMFii,32,0.01,1000,0.833
0.1,adam,NeuCMFii,32,0.1,500,0.7964
0.1,adam,NeuCMFii,32,0.1,1000,0.8334
0.1,adam,NeuCMFii,64,0.0,500,0.8305
0.1,adam,NeuCMFii,64,0.0,1000,0.8184
0.1,adam,NeuCMFii,64,0.01,500,0.8161
0.1,adam,NeuCMFii,64,0.01,1000,0.8403
0.1,adam,NeuCMFii,64,0.1,500,0.8192
0.1,adam,NeuCMFii,64,0.1,1000,0.8227
0.1,adam,NeuCMFww,32,0.0,500,0.8073
0.1,adam,NeuCMFww,32,0.0,1000,0.838
0.1,adam,NeuCMFww,32,0.01,500,0.8499
0.1,adam,NeuCMFww,32,0.01,1000,0.8433
0.1,adam,NeuCMFww,32,0.1,500,0.8183
0.1,adam,NeuCMFww,32,0.1,1000,0.8303
0.1,adam,NeuCMFww,64,0.0,500,0.8318
0.1,adam,NeuCMFww,64,0.0,1000,0.8062
0.1,adam,NeuCMFww,64,0.01,500,0.8155
0.1,adam,NeuCMFww,64,0.01,1000,0.8165
0.1,adam,NeuCMFww,64,0.1,500,0.8083
0.1,adam,NeuCMFww,64,0.1,1000,0.8406
0.1,adam,NeuCMF0i,32,0.0,500,0.8103
0.1,adam,NeuCMF0i,32,0.0,1000,0.8301
0.1,adam,NeuCMF0i,32,0.01,500,0.834
0.1,adam,NeuCMF0i,32,0.01,1000,0.8387
0.1,adam,NeuCMF0i,32,0.1,500,0.823
0.1,adam,NeuCMF0i,32,0.1,1000,0.819
0.1,adam,NeuCMF0i,64,0.0,500,0.8327
0.1,adam,NeuCMF0i,64,0.0,1000,0.8207
0.1,adam,NeuCMF0i,64,0.01,500,0.8284
0.1,adam,NeuCMF0i,64,0.01,1000,0.8242
0.1,adam,NeuCMF0i,64,0.1,500,0.8337
0.1,adam,NeuCMF0i,64,0.1,1000,0.8341
0.1,adam,NeuCMFi0,32,0.0,500,0.83
0.1,adam,NeuCMFi0,32,0.0,1000,0.8314
0.1,adam,NeuCMFi0,32,0.01,500,0.8251
0.1,adam,NeuCMFi0,32,0.01,1000,0.8231
0.1,adam,NeuCMFi0,32,0.1,500,0.8245
0.1,adam,NeuCMFi0,32,0.1,1000,0.8284
0.1,adam,NeuCMFi0,64,0.0,500,0.8329
0.1,adam,NeuCMFi0,64,0.0,1000,0.8201
0.1,adam,NeuCMFi0,64,0.01,500,0.8187
0.1,adam,NeuCMFi0,64,0.01,1000,0.8327
0.1,adam,NeuCMFi0,64,0.1,500,0.8164
0.1,adam,NeuCMFi0,64,0.1,1000,0.8318
0.1,adam,NeuCMF0w,32,0.0,500,0.8245
0.1,adam,NeuCMF0w,32,0.0,1000,0.8243
0.1,adam,NeuCMF0w,32,0.01,500,0.8218
0.1,adam,NeuCMF0w,32,0.01,1000,0.8214
0.1,adam,NeuCMF0w,32,0.1,500,0.838
0.1,adam,NeuCMF0w,32,0.1,1000,0.8349
0.1,adam,NeuCMF0w,64,0.0,500,0.8107
0.1,adam,NeuCMF0w,64,0.0,1000,0.823
0.1,adam,NeuCMF0w,64,0.01,500,0.8113
0.1,adam,NeuCMF0w,64,0.01,1000,0.8505
0.1,adam,NeuCMF0w,64,0.1,500,0.8141
0.1,adam,NeuCMF0w,64,0.1,1000,0.8274
0.1,adam,NeuCMFw0,32,0.0,500,0.828
0.1,adam,NeuCMFw0,32,0.0,1000,0.8181
0.1,adam,NeuCMFw0,32,0.01,500,0.8226
0.1,adam,NeuCMFw0,32,0.01,1000,0.8047
0.1,adam,NeuCMFw0,32,0.1,500,0.8223
0.1,adam,NeuCMFw0,32,0.1,1000,0.8351
0.1,adam,NeuCMFw0,64,0.0,500,0.8199
0.1,adam,NeuCMFw0,64,0.0,1000,0.8225
0.1,adam,NeuCMFw0,64,0.01,500,0.8056
0.1,adam,NeuCMFw0,64,0.01,1000,0.8406
0.1,adam,NeuCMFw0,64,0.1,500,0.8095
0.1,adam,NeuCMFw0,64,0.1,1000,0.8236
0.1,RMSprop,NeuCMFii,32,0.0,500,0.822
0.1,RMSprop,NeuCMFii,32,0.0,1000,0.8243
0.1,RMSprop,NeuCMFii,32,0.01,500,0.8146
0.1,RMSprop,NeuCMFii,32,0.01,1000,0.8118
0.1,RMSprop,NeuCMFii,32,0.1,500,0.8252
0.1,RMSprop,NeuCMFii,32,0.1,1000,0.8172
0.1,RMSprop,NeuCMFii,64,0.0,500,0.834
0.1,RMSprop,NeuCMFii,64,0.0,1000,0.8236
0.1,RMSprop,NeuCMFii,64,0.01,500,0.8247
0.1,RMSprop,NeuCMFii,64,0.01,1000,0.8356
0.1,RMSprop,NeuCMFii,64,0.1,500,0.8045
0.1,RMSprop,NeuCMFii,64,0.1,1000,0.828
0.1,RMSprop,NeuCMFww,32,0.0,500,0.7982
0.1,RMSprop,NeuCMFww,32,0.0,1000,0.8198
0.1,RMSprop,NeuCMFww,32,0.01,500,0.8315
0.1,RMSprop,NeuCMFww,32,0.01,1000,0.8271
0.1,RMSprop,NeuCMFww,32,0.1,500,0.8413
0.1,RMSprop,NeuCMFww,32,0.1,1000,0.8394
0.1,RMSprop,NeuCMFww,64,0.0,500,0.8304
0.1,RMSprop,NeuCMFww,64,0.0,1000,0.8302
0.1,RMSprop,NeuCMFww,64,0.01,500,0.8306
0.1,RMSprop,NeuCMFww,64,0.01,1000,0.8302
0.1,RMSprop,NeuCMFww,64,0.1,500,0.8277
0.1,RMSprop,NeuCMFww,64,0.1,1000,0.8317
0.1,RMSprop,NeuCMF0i,32,0.0,500,0.8342
0.1,RMSprop,NeuCMF0i,32,0.0,1000,0.8336
0.1,RMSprop,NeuCMF0i,32,0.01,500,0.8037
0.1,RMSprop,NeuCMF0i,32,0.01,1000,0.8263
0.1,RMSprop,NeuCMF0i,32,0.1,500,0.8344
0.1,RMSprop,NeuCMF0i,32,0.1,1000,0.8104
0.1,RMSprop,NeuCMF0i,64,0.0,500,0.8333
0.1,RMSprop,NeuCMF0i,64,0.0,1000,0.8203
0.1,RMSprop,NeuCMF0i,64,0.01,500,0.8262
0.1,RMSprop,NeuCMF0i,64,0.01,1000,0.8111
0.1,RMSprop,NeuCMF0i,64,0.1,500,0.8196
0.1,RMSprop,NeuCMF0i,64,0.1,1000,0.8156
0.1,RMSprop,NeuCMFi0,32,0.0,500,0.8199
0.1,RMSprop,NeuCMFi0,32,0.0,1000,0.8196
0.1,RMSprop,NeuCMFi0,32,0.01,500,0.8024
0.1,RMSprop,NeuCMFi0,32,0.01,1000,0.8222
0.1,RMSprop,NeuCMFi0,32,0.1,500,0.8128
0.1,RMSprop,NeuCMFi0,32,0.1,1000,0.8281
0.1,RMSprop,NeuCMFi0,64,0.0,500,0.8204
0.1,RMSprop,NeuCMFi0,64,0.0,1000,0.8235
0.1,RMSprop,NeuCMFi0,64,0.01,500,0.8302
0.1,RMSprop,NeuCMFi0,64,0.01,1000,0.8162
0.1,RMSprop,NeuCMFi0,64,0.1,500,0.8195
0.1,RMSprop,NeuCMFi0,64,0.1,1000,0.8095
0.1,RMSprop,NeuCMF0w,32,0.0,500,0.8214
0.1,RMSprop,NeuCMF0w,32,0.0,1000,0.8117
0.1,RMSprop,NeuCMF0w,32,0.01,500,0.8054
0.1,RMSprop,NeuCMF0w,32,0.01,1000,0.8422
0.1,RMSprop,NeuCMF0w,32,0.1,500,0.8217
0.1,RMSprop,NeuCMF0w,32,0.1,1000,0.8157
0.1,RMSprop,NeuCMF0w,64,0.0,500,0.8073
0.1,RMSprop,NeuCMF0w,64,0.0,1000,0.8344
0.1,RMSprop,NeuCMF0w,64,0.01,500,0.8141
0.1,RMSprop,NeuCMF0w,64,0.01,1000,0.8162
0.1,RMSprop,NeuCMF0w,64,0.1,500,0.8125
0.1,RMSprop,NeuCMF0w,64,0.1,1000,0.8096
0.1,RMSprop,NeuCMFw0,32,0.0,500,0.8244
0.1,RMSprop,NeuCMFw0,32,0.0,1000,0.8326
0.1,RMSprop,NeuCMFw0,32,0.01,500,0.792
0.1,RMSprop,NeuCMFw0,32,0.01,1000,0.8254
0.1,RMSprop,NeuCMFw0,32,0.1,500,0.8113
0.1,RMSprop,NeuCMFw0,32,0.1,1000,0.8155
0.1,RMSprop,NeuCMFw0,64,0.0,500,0.8285
0.1,RMSprop,NeuCMFw0,64,0.0,1000,0.8077
0.1,RMSprop,NeuCMFw0,64,0.01,500,0.8166
0.1,RMSprop,NeuCMFw0,64,0.01,1000,0.8361
0.1,RMSprop,NeuCMFw0,64,0.1,500,0.8462
0.1,RMSprop,NeuCMFw0,64,0.1,1000,0.8179
0.01,adam,NeuCMFii,32,0.0,500,0.8171
0.01,adam,NeuCMFii,32,0.0,1000,0.8254
0.01,adam,NeuCMFii,32,0.01,500,0.826
0.01,adam,NeuCMFii,32,0.01,1000,0.8167
0.01,adam,NeuCMFii,32,0.1,500,0.8246
0.01,adam,NeuCMFii,32,0.1,1000,0.8295
0.01,adam,NeuCMFii,64,0.0,500,0.818
0.01,adam,NeuCMFii,64,0.0,1000,0.8125
0.01,adam,NeuCMFii,64,0.01,500,0.8395
0.01,adam,NeuCMFii,64,0.01,1000,0.8301
0.01,adam,NeuCMFii,64,0.1,500,0.8285
0.01,adam,NeuCMFii,64,0.1,1000,0.8146
0.01,adam,NeuCMFww,32,0.0,500,0.8085
0.01,adam,NeuCMFww,32,0.0,1000,0.8177
0.01,adam,NeuCMFww,32,0.01,500,0.8143
0.01,adam,NeuCMFww,32,0.01,1000,0.8242
0.01,adam,NeuCMFww,32,0.1,500,0.8123
0.01,adam,NeuCMFww,32,0.1,1000,0.8223
0.01,adam,NeuCMFww,64,0.0,500,0.8242
0.01,adam,NeuCMFww,64,0.0,1000,0.8194
0.01,adam,NeuCMFww,64,0.01,500,0.8156
0.01,adam,NeuCMFww,64,0.01,1000,0.8087
0.01,adam,NeuCMFww,64,0.1,500,0.822
0.01,adam,NeuCMFww,64,0.1,1000,0.8124
0.01,adam,NeuCMF0i,32,0.0,500,0.8229
0.01,adam,NeuCMF0i,32,0.0,1000,0.8355
0.01,adam,NeuCMF0i,32,0.01,500,0.8245
0.01,adam,NeuCMF0i,32,0.01,1000,0.8201
0.01,adam,NeuCMF0i,32,0.1,500,0.8282
0.01,adam,NeuCMF0i,32,0.1,1000,0.8034
0.01,adam,NeuCMF0i,64,0.0,500,0.8156
0.01,adam,NeuCMF0i,64,0.0,1000,0.8279
0.01,adam,NeuCMF0i,64,0.01,500,0.849
0.01,adam,NeuCMF0i,64,0.01,1000,0.8276
0.01,adam,NeuCMF0i,64,0.1,500,0.8188
0.01,adam,NeuCMF0i,64,0.1,1000,0.8155
0.01,adam,NeuCMFi0,32,0.0,500,0.8204
0.01,adam,NeuCMFi0,32,0.0,1000,0.8173
0.01,adam,NeuCMFi0,32,0.01,500,0.8265
0.01,adam,NeuCMFi0,32,0.01,1000,0.8259
0.01,adam,NeuCMFi0,32,0.1,500,0.84
0.01,adam,NeuCMFi0,32,0.1,1000,0.842
0.01,adam,NeuCMFi0,64,0.0,500,0.8205
0.01,adam,NeuCMFi0,64,0.0,1000,0.8078
0.01,adam,NeuCMFi0,64,0.01,500,0.8239
0.01,adam,NeuCMFi0,64,0.01,1000,0.8182
0.01,adam,NeuCMFi0,64,0.1,500,0.8198
0.01,adam,NeuCMFi0,64,0.1,1000,0.8306
0.01,adam,NeuCMF0w,32,0.0,500,0.8235
0.01,adam,NeuCMF0w,32,0.0,1000,0.8221
0.01,adam,NeuCMF0w,32,0.01,500,0.8088
0.01,adam,NeuCMF0w,32,0.01,1000,0.8254
0.01,adam,NeuCMF0w,32,0.1,500,0.8271
0.01,adam,NeuCMF0w,32,0.1,1000,0.8201
0.01,adam,NeuCMF0w,64,0.0,500,0.8221
0.01,adam,NeuCMF0w,64,0.0,1000,0.8096
0.01,adam,NeuCMF0w,64,0.01,500,0.8234
0.01,adam,NeuCMF0w,64,0.01,1000,0.8123
0.01,adam,NeuCMF0w,64,0.1,500,0.8016
0.01,adam,NeuCMF0w,64,0.1,1000,0.8085
0.01,adam,NeuCMFw0,32,0.0,500,0.8351
0.01,adam,NeuCMFw0,32,0.0,1000,0.8081
0.01,adam,NeuCMFw0,32,0.01,500,0.8417
0.01,adam,NeuCMFw0,32,0.01,1000,0.8136
0.01,adam,NeuCMFw0,32,0.1,500,0.8133
0.01,adam,NeuCMFw0,32,0.1,1000,0.833
0.01,adam,NeuCMFw0,64,0.0,500,0.8124
0.01,adam,NeuCMFw0,64,0.0,1000,0.8165
0.01,adam,NeuCMFw0,64,0.01,500,0.8349
0.01,adam,NeuCMFw0,64,0.01,1000,0.8368
0.01,adam,NeuCMFw0,64,0.1,500,0.8214
0.01,adam,NeuCMFw0,64,0.1,1000,0.8038
0.01,RMSprop,NeuCMFii,32,0.0,500,0.7973
0.01,RMSprop,NeuCMFii,32,0.0,1000,0.8277
0.01,RMSprop,NeuCMFii,32,0.01,500,0.8231
0.01,RMSprop,NeuCMFii,32,0.01,1000,0.8208
0.01,RMSprop,NeuCMFii,32,0.1,500,0.8258
0.01,RMSprop,NeuCMFii,32,0.1,1000,0.8272
0.01,RMSprop,NeuCMFii,64,0.0,500,0.8089
0.01,RMSprop,NeuCMFii,64,0.0,1000,0.8281
0.01,RMSprop,NeuCMFii,64,0.01,500,0.8553
0.01,RMSprop,NeuCMFii,64,0.01,1000,0.8308
0.01,RMSprop,NeuCMFii,64,0.1,500,0.8288
0.01,RMSprop,NeuCMFii,64,0.1,1000,0.8137
0.01,RMSprop,NeuCMFww,32,0.0,500,0.8279
0.01,RMSprop,NeuCMFww,32,0.0,1000,0.8309
0.01,RMSprop,NeuCMFww,32,0.01,500,0.8125
0.01,RMSprop,NeuCMFww,32,0.01,1000,0.8394
0.01,RMSprop,NeuCMFww,32,0.1,500,0.8351
0.01,RMSprop,NeuCMFww,32,0.1,1000,0.8288
0.01,RMSprop,NeuCMFww,64,0.0,500,0.8253
0.01,RMSprop,NeuCMFww,64,0.0,1000,0.8126
0.01,RMSprop,NeuCMFww,64,0.01,500,0.8275
0.01,RMSprop,NeuCMFww,64,0.01,1000,0.8101
0.01,RMSprop,NeuCMFww,64,0.1,500,0.8193
0.01,RMSprop,NeuCMFww,64,0.1,1000,0.8102
0.01,RMSprop,NeuCMF0i,32,0.0,500,0.8211
0.01,RMSprop,NeuCMF0i,32,0.0,1000,0.822
0.01,RMSprop,NeuCMF0i,32,0.01,500,0.8123
0.01,RMSprop,NeuCMF0i,32,0.01,1000,0.846
0.01,RMSprop,NeuCMF0i,32,0.1,500,0.8337
0.01,RMSprop,NeuCMF0i,32,0.1,1000,0.8174
0.01,RMSprop,NeuCMF0i,64,0.0,500,0.8311
0.01,RMSprop,NeuCMF0i,64,0.0,1000,0.8297
0.01,RMSprop,NeuCMF0i,64,0.01,500,0.8125
0.01,RMSprop,NeuCMF0i,64,0.01,1000,0.8173
0.01,RMSprop,NeuCMF0i,64,0.1,500,0.8134
0.01,RMSprop,NeuCMF0i,64,0.1,1000,0.8195
0.01,RMSprop,NeuCMFi0,32,0.0,500,0.8424
0.01,RMSprop,NeuCMFi0,32,0.0,1000,0.8314
0.01,RMSprop,NeuCMFi0,32,0.01,500,0.8333
0.01,RMSprop,NeuCMFi0,32,0.01,1000,0.82
0.01,RMSprop,NeuCMFi0,32,0.1,500,0.8267
0.01,RMSprop,NeuCMFi0,32,0.1,1000,0.7986
0.01,RMSprop,NeuCMFi0,64,0.0,500,0.8172
0.01,RMSprop,NeuCMFi0,64,0.0,1000,0.8246
0.01,RMSprop,NeuCMFi0,64,0.01,500,0.8257
0.01,RMSprop,NeuCMFi0,64,0.01,1000,0.8289
0.01,RMSprop,NeuCMFi0,64,0.1,500,0.8081
0.01,RMSprop,NeuCMFi0,64,0.1,1000,0.8245
0.01,RMSprop,NeuCMF0w,32,0.0,500,0.8209
0.01,RMSprop,NeuCMF0w,32,0.0,1000,0.8202
0.01,RMSprop,NeuCMF0w,32,0.01,500,0.8353
0.01,RMSprop,NeuCMF0w,32,0.01,1000,0.8007
0.01,RMSprop,NeuCMF0w,32,0.1,500,0.8062
0.01,RMSprop,NeuCMF0w,32,0.1,1000,0.8161
0.01,RMSprop,NeuCMF0w,64,0.0,500,0.7999
0.01,RMSprop,NeuCMF0w,64,0.0,1000,0.8106
0.01,RMSprop,NeuCMF0w,64,0.01,500,0.816
0.01,RMSprop,NeuCMF0w,64,0.01,1000,0.8083
0.01,RMSprop,NeuCMF0w,64,0.1,500,0.8069
0.01,RMSprop,NeuCMF0w,64,0.1,1000,0.8512
0.01,RMSprop,NeuCMFw0,32,0.0,500,0.8125
0.01,RMSprop,NeuCMFw0,32,0.0,1000,0.8207
0.01,RMSprop,NeuCMFw0,32,0.01,500,0.8126
0.01,RMSprop,NeuCMFw0,32,0.01,1000,0.832
0.01,RMSprop,NeuCMFw0,32,0.1,500,0.8179
0.01,RMSprop,NeuCMFw0,32,0.1,1000,0.8284
0.01,RMSprop,NeuCMFw0,64,0.0,500,0.8149
0.01,RMSprop,NeuCMFw0,64,0.0,1000,0.825
0.01,RMSprop,NeuCMFw0,64,0.01,500,0.8468
0.01,RMSprop,NeuCMFw0,64,0.01,1000,0.8241
0.01,RMSprop,NeuCMFw0,64,0.1,500,0.825
0.01,RMSprop,NeuCMFw0,64,0.1,1000,0.814
0.001,adam,NeuCMFii,32,0.0,500,0.7989
0.001,adam,NeuCMFii,32,0.0,1000,0.8111
0.001,adam,NeuCMFii,32,0.01,500,0.8147
0.001,adam,NeuCMFii,32,0.01,1000,0.8235
0.001,adam,NeuCMFii,32,0.1,500,0.8136
0.001,adam,NeuCMFii,32,0.1,1000,0.8245
0.001,adam,NeuCMFii,64,0.0,500,0.8317
0.001,adam,NeuCMFii,64,0.0,1000,0.8182
0.001,adam,NeuCMFii,64,0.01,500,0.8371
0.001,adam,NeuCMFii,64,0.01,1000,0.8282
0.001,adam,NeuCMFii,64,0.1,500,0.8091
0.001,adam,NeuCMFii,64,0.1,1000,0.8243
0.001,adam,NeuCMFww,32,0.0,500,0.82
0.001,adam,NeuCMFww,32,0.0,1000,0.8035
0.001,adam,NeuCMFww,32,0.01,500,0.8136
0.001,adam,NeuCMFww,32,0.01,1000,0.833
0.001,adam,NeuCMFww,32,0.1,500,0.8399
0.001,adam,NeuCMFww,32,0.1,1000,0.8252
0.001,adam,NeuCMFww,64,0.0,500,0.824
0.001,adam,NeuCMFww,64,0.0,1000,0.8051
0.001,adam,NeuCMFww,64,0.01,500,0.8115
0.001,adam,NeuCMFww,64,0.01,1000,0.8296
0.001,adam,NeuCMFww,64,0.1,500,0.8365
0.001,adam,NeuCMFww,64,0.1,1000,0.839
0.001,adam,NeuCMF0i,32,0.0,500,0.8024
0.001,adam,NeuCMF0i,32,0.0,1000,0.801
0.001,adam,NeuCMF0i,32,0.01,500,0.8064
0.001,adam,NeuCMF0i,32,0.01,1000,0.8078
0.001,adam,NeuCMF0i,32,0.1,500,0.832
0.001,adam,NeuCMF0i,32,0.1,1000,0.8194
0.001,adam,NeuCMF0i,64,0.0,500,0.8145
0.001,adam,NeuCMF0i,64,0.0,1000,0.812
0.001,adam,NeuCMF0i,64,0.01,500,0.8311
0.001,adam,NeuCMF0i,64,0.01,1000,0.8225
0.001,adam,NeuCMF0i,64,0.1,500,0.8222
0.001,adam,NeuCMF0i,64,0.1,1000,0.8304
0.001,adam,NeuCMFi0,32,0.0,500,0.8362
0.001,adam,NeuCMFi0,32,0.0,1000,0.8241
0.001,adam,NeuCMFi0,32,0.01,500,0.8327
0.001,adam,NeuCMFi0,32,0.01,1000,0.8308
0.001,adam,NeuCMFi0,32,0.1,500,0.8308
0.001,adam,NeuCMFi0,32,0.1,1000,0.8138
0.001,adam,NeuCMFi0,64,0.0,500,0.8185
0.001,adam,NeuCMFi0,64,0.0,1000,0.8295
0.001,adam,NeuCMFi0,64,0.01,500,0.8259
0.001,adam,NeuCMFi0,64,0.01,1000,0.809
0.001,adam,NeuCMFi0,64,0.1,500,0.8151
0.001,adam,NeuCMFi0,64,0.1,1000,0.8257
0.001,adam,NeuCMF0w,32,0.0,500,0.8179
0.001,adam,NeuCMF0w,32,0.0,1000,0.816
0.001,adam,NeuCMF0w,32,0.01,500,0.8362
0.001,adam,NeuCMF0w,32,0.01,1000,0.8154
0.001,adam,NeuCMF0w,32,0.1,500,0.8306
0.001,adam,NeuCMF0w,32,0.1,1000,0.8181
0.001,adam,NeuCMF0w,64,0.0,500,0.8265
0.001,adam,NeuCMF0w,64,0.0,1000,0.805
0.001,adam,NeuCMF0w,64,0.01,500,0.8307
0.001,adam,NeuCMF0w,64,0.01,1000,0.829
0.001,adam,NeuCMF0w,64,0.1,500,0.8074
0.001,adam,NeuCMF0w,64,0.1,1000,0.8123
0.001,adam,NeuCMFw0,32,0.0,500,0.8105
0.001,adam,NeuCMFw0,32,0.0,1000,0.8448
0.001,adam,NeuCMFw0,32,0.01,500,0.8147
0.001,adam,NeuCMFw0,32,0.01,1000,0.8166
0.001,adam,NeuCMFw0,32,0.1,500,0.8124
0.001,adam,NeuCMFw0,32,0.1,1000,0.8124
0.001,adam,NeuCMFw0,64,0.0,500,0.8685
0.001,adam,NeuCMFw0,64,0.0,1000,0.806
0.001,adam,NeuCMFw0,64,0.01,500,0.8017
0.001,adam,NeuCMFw0,64,0.01,1000,0.8263
0.001,adam,NeuCMFw0,64,0.1,500,0.8276
0.001,adam,NeuCMFw0,64,0.1,1000,0.8344
0.001,RMSprop,NeuCMFii,32,0.0,500,0.8211
0.001,RMSprop,NeuCMFii,32,0.0,1000,0.8248
0.001,RMSprop,NeuCMFii,32,0.01,500,0.8291
0.001,RMSprop,NeuCMFii,32,0.01,1000,0.8224
0.001,RMSprop,NeuCMFii,32,0.1,500,0.8122
0.001,RMSprop,NeuCMFii,32,0.1,1000,0.8154
0.001,RMSprop,NeuCMFii,64,0.0,500,0.8021
0.001,RMSprop,NeuCMFii,64,0.0,1000,0.8131
0.001,RMSprop,NeuCMFii,64,0.01,500,0.8306
0.001,RMSprop,NeuCMFii,64,0.01,1000,0.8152
0.001,RMSprop,NeuCMFii,64,0.1,500,0.8175
0.001,RMSprop,NeuCMFii,64,0.1,1000,0.834
0.001,RMSprop,NeuCMFww,32,0.0,500,0.8156
0.001,RMSprop,NeuCMFww,32,0.0,1000,0.8192
0.001,RMSprop,NeuCMFww,32,0.01,500,0.8164
0.001,RMSprop,NeuCMFww,32,0.01,1000,0.824
0.001,RMSprop,NeuCMFww,32,0.1,500,0.8079
0.001,RMSprop,NeuCMFww,32,0.1,1000,0.8231
0.001,RMSprop,NeuCMFww,64,0.0,500,0.8325
0.001,RMSprop,NeuCMFww,64,0.0,1000,0.8371
0.001,RMSprop,NeuCMFww,64,0.01,500,0.8261
0.001,RMSprop,NeuCMFww,64,0.01,1000,0.816
0.001,RMSprop,NeuCMFww,64,0.1,500,0.8242
0.001,RMSprop,NeuCMFww,64,0.1,1000,0.8368
0.001,RMSprop,NeuCMF0i,32,0.0,500,0.8029
0.001,RMSprop,NeuCMF0i,32,0.0,1000,0.8244
0.001,RMSprop,NeuCMF0i,32,0.01,500,0.806
0.001,RMSprop,NeuCMF0i,32,0.01,1000,0.8336
0.001,RMSprop,NeuCMF0i,32,0.1,500,0.8273
0.001,RMSprop,NeuCMF0i,32,0.1,1000,0.8204
0.001,RMSprop,NeuCMF0i,64,0.0,500,0.8064
0.001,RMSprop,NeuCMF0i,64,0.0,1000,0.8197
0.001,RMSprop,NeuCMF0i,64,0.01,500,0.8164
0.001,RMSprop,NeuCMF0i,64,0.01,1000,0.8198
0.001,RMSprop,NeuCMF0i,64,0.1,500,0.8017
0.001,RMSprop,NeuCMF0i,64,0.1,1000,0.8163
0.001,RMSprop,NeuCMFi0,32,0.0,500,0.822
0.001,RMSprop,NeuCMFi0,32,0.0,1000,0.8101
0.001,RMSprop,NeuCMFi0,32,0.01,500,0.8261
0.001,RMSprop,NeuCMFi0,32,0.01,1000,0.8312
0.001,RMSprop,NeuCMFi0,32,0.1,500,0.8086
0.001,RMSprop,NeuCMFi0,32,0.1,1000,0.8352
0.001,RMSprop,NeuCMFi0,64,0.0,500,0.8156
0.001,RMSprop,NeuCMFi0,64,0.0,1000,0.8208
0.001,RMSprop,NeuCMFi0,64,0.01,500,0.8217
0.001,RMSprop,NeuCMFi0,64,0.01,1000,0.8228
0.001,RMSprop,NeuCMFi0,64,0.1,500,0.8268
0.001,RMSprop,NeuCMFi0,64,0.1,1000,0.8236
0.001,RMSprop,NeuCMF0w,32,0.0,500,0.833
0.001,RMSprop,NeuCMF0w,32,0.0,1000,0.831
0.001,RMSprop,NeuCMF0w,32,0.01,500,0.8258
0.001,RMSprop,NeuCMF0w,32,0.01,1000,0.8144
0.001,RMSprop,NeuCMF0w,32,0.1,500,0.808
0.001,RMSprop,NeuCMF0w,32,0.1,1000,0.8261
0.001,RMSprop,NeuCMF0w,64,0.0,500,0.8241
0.001,RMSprop,NeuCMF0w,64,0.0,1000,0.8001
0.001,RMSprop,NeuCMF0w,64,0.01,500,0.827
0.001,RMSprop,NeuCMF0w,64,0.01,1000,0.8054
0.001,RMSprop,NeuCMF0w,64,0.1,500,0.8244
0.001,RMSprop,NeuCMF0w,64,0.1,1000,0.8
0.001,RMSprop,NeuCMFw0,32,0.0,500,0.8208
0.001,RMSprop,NeuCMFw0,32,0.0,1000,0.8431
0.001,RMSprop,NeuCMFw0,32,0.01,500,0.8205
0.001,RMSprop,NeuCMFw0,32,0.01,1000,0.8347
0.001,RMSprop,NeuCMFw0,32,0.1,500,0.8079
0.001,RMSprop,NeuCMFw0,32,0.1,1000,0.816
0.001,RMSprop,NeuCMFw0,64,0.0,500,0.8225
0.001,RMSprop,NeuCMFw0,64,0.0,1000,0.8329
0.001,RMSprop,NeuCMFw0,64,0.01,500,0.8335
0.001,RMSprop,NeuCMFw0,64,0.01,1000,0.8229
0.001,RMSprop,NeuCMFw0,64,0.1,500,0.822
0.001,RMSprop,NeuCMFw0,64,0.1,1000,0.8323
0.0001,adam,NeuCMFii,32,0.0,500,0.8231
0.0001,adam,NeuCMFii,32,0.0,1000,0.844
0.0001,adam,NeuCMFii,32,0.01,500,0.832
0.0001,adam,NeuCMFii,32,0.01,1000,0.8279
0.0001,adam,NeuCMFii,32,0.1,500,0.8136
0.0001,adam,NeuCMFii,32,0.1,1000,0.8205
0.0001,adam,NeuCMFii,64,0.0,500,0.8216
0.0001,adam,NeuCMFii,64,0.0,1000,0.822
0.0001,adam,NeuCMFii,64,0.01,500,0.8273
0.0001,adam,NeuCMFii,64,0.01,1000,0.8137
0.0001,adam,NeuCMFii,64,0.1,500,0.8267
0.0001,adam,NeuCMFii,64,0.1,1000,0.8325
0.0001,adam,NeuCMFww,32,0.0,500,0.8071
0.0001,adam,NeuCMFww,32,0.0,1000,0.8393
0.0001,adam,NeuCMFww,32,0.01,500,0.8342
0.0001,adam,NeuCMFww,32,0.01,1000,0.8149
0.0001,adam,NeuCMFww,32,0.1,500,0.8207
0.0001,adam,NeuCMFww,32,0.1,1000,0.8378
0.0001,adam,NeuCMFww,64,0.0,500,0.8244
0.0001,adam,NeuCMFww,64,0.0,1000,0.8223
0.0001,adam,NeuCMFww,64,0.01,500,0.8315
0.0001,adam,NeuCMFww,64,0.01,1000,0.8362
0.0001,adam,NeuCMFww,64,0.1,500,0.8092
0.0001,adam,NeuCMFww,64,0.1,1000,0.8127
0.0001,adam,NeuCMF0i,32,0.0,500,0.8244
0.0001,adam,NeuCMF0i,32,0.0,1000,0.817
0.0001,adam,NeuCMF0i,32,0.01,500,0.8285
0.0001,adam,NeuCMF0i,32,0.01,1000,0.8037
0.0001,adam,NeuCMF0i,32,0.1,500,0.8249
0.0001,adam,NeuCMF0i,32,0.1,1000,0.8199
0.0001,adam,NeuCMF0i,64,0.0,500,0.7978
0.0001,adam,NeuCMF0i,64,0.0,1000,0.7933
0.0001,adam,NeuCMF0i,64,0.01,500,0.7984
0.0001,adam,NeuCMF0i,64,0.01,1000,0.8098
0.0001,adam,NeuCMF0i,64,0.1,500,0.8492
0.0001,adam,NeuCMF0i,64,0.1,1000,0.824
0.0001,adam,NeuCMFi0,32,0.0,500,0.8083
0.0001,adam,NeuCMFi0,32,0.0,1000,0.8059
0.0001,adam,NeuCMFi0,32,0.01,500,0.826
0.0001,adam,NeuCMFi0,32,0.01,1000,0.8359
0.0001,adam,NeuCMFi0,32,0.1,500,0.8007
0.0001,adam,NeuCMFi0,32,0.1,1000,0.8123
0.0001,adam,NeuCMFi0,64,0.0,500,0.8218
0.0001,adam,NeuCMFi0,64,0.0,1000,0.8124
0.0001,adam,NeuCMFi0,64,0.01,500,0.8491
0.0001,adam,NeuCMFi0,64,0.01,1000,0.8187
0.0001,adam,NeuCMFi0,64,0.1,500,0.8263
0.0001,adam,NeuCMFi0,64,0.1,1000,0.8045
0.0001,adam,NeuCMF0w,32,0.0,500,0.8208
0.0001,adam,NeuCMF0w,32,0.0,1000,0.832
0.0001,adam,NeuCMF0w,32,0.01,500,0.8339
0.0001,adam,NeuCMF0w,32,0.01,1000,0.8183
0.0001,adam,NeuCMF0w,32,0.1,500,0.8211
0.0001,adam,NeuCMF0w,32,0.1,1000,0.8345
0.0001,adam,NeuCMF0w,64,0.0,500,0.8384
0.0001,adam,NeuCMF0w,64,0.0,1000,0.8143
0.0001,adam,NeuCMF0w,64,0.01,500,0.8124
0.0001,adam,NeuCMF0w,64,0.01,1000,0.8356
0.0001,adam,NeuCMF0w,64,0.1,500,0.8155
0.0001,adam,NeuCMF0w,64,0.1,1000,0.8181
0.0001,adam,NeuCMFw0,32,0.0,500,0.8179
0.0001,adam,NeuCMFw0,32,0.0,1000,0.8075
0.0001,adam,NeuCMFw0,32,0.01,500,0.8125
0.0001,adam,NeuCMFw0,32,0.01,1000,0.8163
0.0001,adam,NeuCMFw0,32,0.1,500,0.7947
0.0001,adam,NeuCMFw0,32,0.1,1000,0.822
0.0001,adam,NeuCMFw0,64,0.0,500,0.8056
0.0001,adam,NeuCMFw0,64,0.0,1000,0.8251
0.0001,adam,NeuCMFw0,64,0.01,500,0.8112
0.0001,adam,NeuCMFw0,64,0.01,1000,0.8261
0.0001,adam,NeuCMFw0,64,0.1,500,0.8124
0.0001,adam,NeuCMFw0,64,0.1,1000,0.8345
0.0001,RMSprop,NeuCMFii,32,0.0,500,0.8288
0.0001,RMSprop,NeuCMFii,32,0.0,1000,0.8251
0.0001,RMSprop,NeuCMFii,32,0.01,500,0.8301
0.0001,RMSprop,NeuCMFii,32,0.01,1000,0.813
0.0001,RMSprop,NeuCMFii,32,0.1,500,0.8291
0.0001,RMSprop,NeuCMFii,32,0.1,1000,0.8264
0.0001,RMSprop,NeuCMFii,64,0.0,500,0.8105
0.0001,RMSprop,NeuCMFii,64,0.0,1000,0.8386
0.0001,RMSprop,NeuCMFii,64,0.01,500,0.8025
0.0001,RMSprop,NeuCMFii,64,0.01,1000,0.825
0.0001,RMSprop,NeuCMFii,64,0.1,500,0.8193
0.0001,RMSprop,NeuCMFii,64,0.1,1000,0.8323
0.0001,RMSprop,NeuCMFww,32,0.0,500,0.842
0.0001,RMSprop,NeuCMFww,32,0.0,1000,0.8108
0.0001,RMSprop,NeuCMFww,32,0.01,500,0.8118
0.0001,RMSprop,NeuCMFww,32,0.01,1000,0.838
0.0001,RMSprop,NeuCMFww,32,0.1,500,0.8226
0.0001,RMSprop,NeuCMFww,32,0.1,1000,0.8234
0.0001,RMSprop,NeuCMFww,64,0.0,500,0.8117
0.0001,RMSprop,NeuCMFww,64,0.0,1000,0.8085
0.0001,RMSprop,NeuCMFww,64,0.01,500,0.8178
0.0001,RMSprop,NeuCMFww,64,0.01,1000,0.8255
0.0001,RMSprop,NeuCMFww,64,0.1,500,0.832
0.0001,RMSprop,NeuCMFww,64,0.1,1000,0.828
0.0001,RMSprop,NeuCMF0i,32,0.0,500,0.8162
0.0001,RMSprop,NeuCMF0i,32,0.0,1000,0.8309
0.0001,RMSprop,NeuCMF0i,32,0.01,500,0.8309
0.0001,RMSprop,NeuCMF0i,32,0.01,1000,0.8096
0.0001,RMSprop,NeuCMF0i,32,0.1,500,0.8131
0.0001,RMSprop,NeuCMF0i,32,0.1,1000,0.8369
0.0001,RMSprop,NeuCMF0i,64,0.0,500,0.8303
0.0001,RMSprop,NeuCMF0i,64,0.0,1000,0.8447
0.0001,RMSprop,NeuCMF0i,64,0.01,500,0.8339
0.0001,RMSprop,NeuCMF0i,64,0.01,1000,0.8189
0.0001,RMSprop,NeuCMF0i,64,0.1,500,0.8147
0.0001,RMSprop,NeuCMF0i,64,0.1,1000,0.7978
0.0001,RMSprop,NeuCMFi0,32,0.0,500,0.8334
0.0001,RMSprop,NeuCMFi0,32,0.0,1000,0.8224
0.0001,RMSprop,NeuCMFi0,32,0.01,500,0.8285
0.0001,RMSprop,NeuCMFi0,32,0.01,1000,0.8158
0.0001,RMSprop,NeuCMFi0,32,0.1,500,0.8324
0.0001,RMSprop,NeuCMFi0,32,0.1,1000,0.8011
0.0001,RMSprop,NeuCMFi0,64,0.0,500,0.8172
0.0001,RMSprop,NeuCMFi0,64,0.0,1000,0.8183
0.0001,RMSprop,NeuCMFi0,64,0.01,500,0.8153
0.0001,RMSprop,NeuCMFi0,64,0.01,1000,0.8144
0.0001,RMSprop,NeuCMFi0,64,0.1,500,0.8173
0.0001,RMSprop,NeuCMFi0,64,0.1,1000,0.8346
0.0001,RMSprop,NeuCMF0w,32,0.0,500,0.8064
0.0001,RMSprop,NeuCMF0w,32,0.0,1000,0.8338
0.0001,RMSprop,NeuCMF0w,32,0.01,500,0.8106
0.0001,RMSprop,NeuCMF0w,32,0.01,1000,0.82
0.0001,RMSprop,NeuCMF0w,32,0.1,500,0.8198
0.0001,RMSprop,NeuCMF0w,32,0.1,1000,0.8198
0.0001,RMSprop,NeuCMF0w,64,0.0,500,0.8169
0.0001,RMSprop,NeuCMF0w,6Development2,0.0,500,0.7947
0.0001,RMSprop,NeuCMFw0,32,0.0,1000,0.8344
0.0001,RMSprop,NeuCMFw0,32,0.01,500,0.8
0.0001,RMSprop,NeuCMFw0,32,0.01,1000,0.8222
0.0001,RMSprop,NeuCMFw0,32,0.1,500,0.8191
0.0001,RMSprop,NeuCMFw0,32,0.1,1000,0.8554
0.0001,RMSprop,NeuCMFw0,64,0.0,500,0.8363
0.0001,RMSprop,NeuCMFw0,64,0.0,1000,0.8242
0.0001,RMSprop,NeuCMFw0,64,0.01,500,0.8169
0.0001,RMSprop,NeuCMFw0,64,0.01,1000,0.8464
0.0001,RMSprop,NeuCMFw0,64,0.1,500,0.8097
0.0001,RMSprop,NeuCMFw0,64,0.1,1000,0.8057
1e-05,adam,NeuCMFii,32,0.0,500,0.8419
1e-05,adam,NeuCMFii,32,0.0,1000,0.8229
1e-05,adam,NeuCMFii,32,0.01,500,0.811
1e-05,adam,NeuCMFii,32,0.01,1000,0.8335
1e-05,adam,NeuCMFii,32,0.1,500,0.8295
1e-05,adam,NeuCMFii,32,0.1,1000,0.8144
1e-05,adam,NeuCMFii,64,0.0,500,0.833
1e-05,adam,NeuCMFii,64,0.0,1000,0.8312
1e-05,adam,NeuCMFii,64,0.01,500,0.8366
1e-05,adam,NeuCMFii,64,0.01,1000,0.8052
1e-05,adam,NeuCMFii,64,0.1,500,0.8304
1e-05,adam,NeuCMFii,64,0.1,1000,0.818
1e-05,adam,NeuCMFww,32,0.0,500,0.8119
1e-05,adam,NeuCMFww,32,0.0,1000,0.8264
1e-05,adam,NeuCMFww,32,0.01,500,0.8186
1e-05,adam,NeuCMFww,32,0.01,1000,0.8074
1e-05,adam,NeuCMFww,32,0.1,500,0.8316
1e-05,adam,NeuCMFww,32,0.1,1000,0.8251
1e-05,adam,NeuCMFww,64,0.0,500,0.8119
1e-05,adam,NeuCMFww,64,0.0,1000,0.8295
1e-05,adam,NeuCMFww,64,0.01,500,0.843
1e-05,adam,NeuCMFww,64,0.01,1000,0.827
1e-05,adam,NeuCMFww,64,0.1,500,0.8001
1e-05,adam,NeuCMFww,64,0.1,1000,0.8166
1e-05,adam,NeuCMF0i,32,0.0,500,0.8262
1e-05,adam,NeuCMF0i,32,0.0,1000,0.8324
1e-05,adam,NeuCMF0i,32,0.01,500,0.8224
1e-05,adam,NeuCMF0i,32,0.01,1000,0.8072
1e-05,adam,NeuCMF0i,32,0.1,500,0.8261
1e-05,adam,NeuCMF0i,32,0.1,1000,0.8185
1e-05,adam,NeuCMF0i,64,0.0,500,0.8217
1e-05,adam,NeuCMF0i,64,0.0,1000,0.8152
1e-05,adam,NeuCMF0i,64,0.01,500,0.8278
1e-05,adam,NeuCMF0i,64,0.01,1000,0.8434
1e-05,adam,NeuCMF0i,64,0.1,500,0.8358
1e-05,adam,NeuCMF0i,64,0.1,1000,0.8369
1e-05,adam,NeuCMFi0,32,0.0,500,0.8089
1e-05,adam,NeuCMFi0,32,0.0,1000,0.818
1e-05,adam,NeuCMFi0,32,0.01,500,0.8255
1e-05,adam,NeuCMFi0,32,0.01,1000,0.8074
1e-05,adam,NeuCMFi0,32,0.1,500,0.8112
1e-05,adam,NeuCMFi0,32,0.1,1000,0.8072
1e-05,adam,NeuCMFi0,64,0.0,500,0.8204
1e-05,adam,NeuCMFi0,64,0.0,1000,0.8084
1e-05,adam,NeuCMFi0,64,0.01,500,0.8391
1e-05,adam,NeuCMFi0,64,0.01,1000,0.8074
1e-05,adam,NeuCMFi0,64,0.1,500,0.816
1e-05,adam,NeuCMFi0,64,0.1,1000,0.8374
1e-05,adam,NeuCMF0w,32,0.0,500,0.8255
1e-05,adam,NeuCMF0w,32,0.0,1000,0.8231
1e-05,adam,NeuCMF0w,32,0.01,500,0.8069
1e-05,adam,NeuCMF0w,32,0.01,1000,0.8131
1e-05,adam,NeuCMF0w,32,0.1,500,0.8177
1e-05,adam,NeuCMF0w,32,0.1,1000,0.8004
1e-05,adam,NeuCMF0w,64,0.0,500,0.8151
1e-05,adam,NeuCMF0w,64,0.0,1000,0.8348
1e-05,adam,NeuCMF0w,64,0.01,500,0.8197
1e-05,adam,NeuCMF0w,64,0.01,1000,0.8388
1e-05,adam,NeuCMF0w,64,0.1,500,0.8382
1e-05,adam,NeuCMF0w,64,0.1,1000,0.7956
1e-05,adam,NeuCMFw0,32,0.0,500,0.8076
1e-05,adam,NeuCMFw0,32,0.0,1000,0.8106
1e-05,adam,NeuCMFw0,32,0.01,500,0.8224
1e-05,adam,NeuCMFw0,32,0.01,1000,0.8148
1e-05,adam,NeuCMFw0,32,0.1,500,0.8229
1e-05,adam,NeuCMFw0,32,0.1,1000,0.8362
1e-05,adam,NeuCMFw0,64,0.0,500,0.8108
1e-05,adam,NeuCMFw0,64,0.0,1000,0.8189
1e-05,adam,NeuCMFw0,64,0.01,500,0.8442
1e-05,adam,NeuCMFw0,64,0.01,1000,0.854
1e-05,adam,NeuCMFw0,64,0.1,500,0.8445
1e-05,adam,NeuCMFw0,64,0.1,1000,0.8012
1e-05,RMSprop,NeuCMFii,32,0.0,500,0.8292
1e-05,RMSprop,NeuCMFii,32,0.0,1000,0.82
1e-05,RMSprop,NeuCMFii,32,0.01,500,0.7952
1e-05,RMSprop,NeuCMFii,32,0.01,1000,0.8182
1e-05,RMSprop,NeuCMFii,32,0.1,500,0.8252
1e-05,RMSprop,NeuCMFii,32,0.1,1000,0.8208
1e-05,RMSprop,NeuCMFii,64,0.0,500,0.8102
1e-05,RMSprop,NeuCMFii,64,0.0,1000,0.8186
1e-05,RMSprop,NeuCMFii,64,0.01,500,0.8109
1e-05,RMSprop,NeuCMFii,64,0.01,1000,0.8218
1e-05,RMSprop,NeuCMFii,64,0.1,500,0.8391
1e-05,RMSprop,NeuCMFii,64,0.1,1000,0.8164
1e-05,RMSprop,NeuCMFww,32,0.0,500,0.8028
1e-05,RMSprop,NeuCMFww,32,0.0,1000,0.8225
1e-05,RMSprop,NeuCMFww,32,0.01,500,0.8105
1e-05,RMSprop,NeuCMFww,32,0.01,1000,0.8155
1e-05,RMSprop,NeuCMFww,32,0.1,500,0.8145
1e-05,RMSprop,NeuCMFww,32,0.1,1000,0.8219
1e-05,RMSprop,NeuCMFww,64,0.0,500,0.8173
1e-05,RMSprop,NeuCMFww,64,0.0,1000,0.8437
1e-05,RMSprop,NeuCMFww,64,0.01,500,0.8127
1e-05,RMSprop,NeuCMFww,64,0.01,1000,0.8177
1e-05,RMSprop,NeuCMFww,64,0.1,500,0.8201
1e-05,RMSprop,NeuCMFww,64,0.1,1000,0.8291
1e-05,RMSprop,NeuCMF0i,32,0.0,500,0.8176
1e-05,RMSprop,NeuCMF0i,32,0.0,1000,0.8268
1e-05,RMSprop,NeuCMF0i,32,0.01,500,0.8316
1e-05,RMSprop,NeuCMF0i,32,0.01,1000,0.8332
1e-05,RMSprop,NeuCMF0i,32,0.1,500,0.8214
1e-05,RMSprop,NeuCMF0i,32,0.1,1000,0.8126
1e-05,RMSprop,NeuCMF0i,64,0.0,500,0.8058
1e-05,RMSprop,NeuCMF0i,64,0.0,1000,0.8143
1e-05,RMSprop,NeuCMF0i,64,0.01,500,0.7951
1e-05,RMSprop,NeuCMF0i,64,0.01,1000,0.8206
1e-05,RMSprop,NeuCMF0i,64,0.1,500,0.8332
1e-05,RMSprop,NeuCMF0i,64,0.1,1000,0.8206
1e-05,RMSprop,NeuCMFi0,32,0.0,500,0.8134
1e-05,RMSprop,NeuCMFi0,32,0.0,1000,0.8254
1e-05,RMSprop,NeuCMFi0,32,0.01,500,0.8378
1e-05,RMSprop,NeuCMFi0,32,0.01,1000,0.8307
1e-05,RMSprop,NeuCMFi0,32,0.1,500,0.8157
1e-05,RMSprop,NeuCMFi0,32,0.1,1000,0.7986
1e-05,RMSprop,NeuCMFi0,64,0.0,500,0.8097
1e-05,RMSprop,NeuCMFi0,64,0.0,1000,0.8175
1e-05,RMSprop,NeuCMFi0,64,0.01,500,0.8294
1e-05,RMSprop,NeuCMFi0,64,0.01,1000,0.8076
1e-05,RMSprop,NeuCMFi0,64,0.1,500,0.8165
1e-05,RMSprop,NeuCMFi0,64,0.1,1000,0.8323
1e-05,RMSprop,NeuCMF0w,32,0.0,500,0.8341
1e-05,RMSprop,NeuCMF0w,32,0.0,1000,0.844
1e-05,RMSprop,NeuCMF0w,32,0.01,500,0.8009
1e-05,RMSprop,NeuCMF0w,32,0.01,1000,0.8428
1e-05,RMSprop,NeuCMF0w,32,0.1,500,0.81
1e-05,RMSprop,NeuCMF0w,32,0.1,1000,0.8333
1e-05,RMSprop,NeuCMF0w,64,0.0,500,0.8226
1e-05,RMSprop,NeuCMF0w,64,0.0,1000,0.8172
1e-05,RMSprop,NeuCMF0w,64,0.01,500,0.8225
1e-05,RMSprop,NeuCMF0w,64,0.01,1000,0.8066
1e-05,RMSprop,NeuCMF0w,64,0.1,500,0.8278
1e-05,RMSprop,NeuCMF0w,64,0.1,1000,0.8156
1e-05,RMSprop,NeuCMFw0,32,0.0,500,0.823
1e-05,RMSprop,NeuCMFw0,32,0.0,1000,0.8189
1e-05,RMSprop,NeuCMFw0,32,0.01,500,0.8195
1e-05,RMSprop,NeuCMFw0,32,0.01,1000,0.8055
1e-05,RMSprop,NeuCMFw0,32,0.1,500,0.8368
1e-05,RMSprop,NeuCMFw0,32,0.1,1000,0.8101
1e-05,RMSprop,NeuCMFw0,64,0.0,500,0.8198
1e-05,RMSprop,NeuCMFw0,64,0.0,1000,0.7967
1e-05,RMSprop,NeuCMFw0,64,0.01,500,0.8254
1e-05,RMSprop,NeuCMFw0,64,0.01,1000,0.8215
1e-05,RMSprop,NeuCMFw0,64,0.1,500,0.833
1e-05,RMSprop,NeuCMFw0,64,0.1,1000,0.8341
1e-06,adam,NeuCMFii,32,0.0,500,0.8199
1e-06,adam,NeuCMFii,32,0.0,1000,0.8333
1e-06,adam,NeuCMFii,32,0.01,500,0.8099
1e-06,adam,NeuCMFii,32,0.01,1000,0.8031
1e-06,adam,NeuCMFii,32,0.1,500,0.82
1e-06,adam,NeuCMFii,32,0.1,1000,0.8128
1e-06,adam,NeuCMFii,64,0.0,500,0.823
1e-06,adam,NeuCMFii,64,0.0,1000,0.8183
1e-06,adam,NeuCMFii,64,0.01,500,0.8327
1e-06,adam,NeuCMFii,64,0.01,1000,0.8421
1e-06,adam,NeuCMFii,64,0.1,500,0.8082
1e-06,adam,NeuCMFii,64,0.1,1000,0.8324
1e-06,adam,NeuCMFww,32,0.0,500,0.806
1e-06,adam,NeuCMFww,32,0.0,1000,0.8315
1e-06,adam,NeuCMFww,32,0.01,500,0.8366
1e-06,adam,NeuCMFww,32,0.01,1000,0.8287
1e-06,adam,NeuCMFww,32,0.1,500,0.8351
1e-06,adam,NeuCMFww,32,0.1,1000,0.8225
1e-06,adam,NeuCMFww,64,0.0,500,0.8048
1e-06,adam,NeuCMFww,64,0.0,1000,0.8088
1e-06,adam,NeuCMFww,64,0.01,500,0.8181
1e-06,adam,NeuCMFww,64,0.01,1000,0.838
1e-06,adam,NeuCMFww,64,0.1,500,0.8116
1e-06,adam,NeuCMFww,64,0.1,1000,0.809
1e-06,adam,NeuCMF0i,32,0.0,500,0.8073
1e-06,adam,NeuCMF0i,32,0.0,1000,0.8395
1e-06,adam,NeuCMF0i,32,0.01,500,0.8101
1e-06,adam,NeuCMF0i,32,0.01,1000,0.832
1e-06,adam,NeuCMF0i,32,0.1,500,0.8139
1e-06,adam,NeuCMF0i,32,0.1,1000,0.8365
1e-06,adam,NeuCMF0i,64,0.0,500,0.8132
1e-06,adam,NeuCMF0i,64,0.0,1000,0.8119
1e-06,adam,NeuCMF0i,64,0.01,500,0.8113
1e-06,adam,NeuCMF0i,64,0.01,1000,0.8339
1e-06,adam,NeuCMF0i,64,0.1,500,0.8077
1e-06,adam,NeuCMF0i,64,0.1,1000,0.8126
1e-06,adam,NeuCMFi0,32,0.0,500,0.8118
1e-06,adam,NeuCMFi0,32,0.0,1000,0.8148
1e-06,adam,NeuCMFi0,32,0.01,500,0.8276
1e-06,adam,NeuCMFi0,32,0.01,1000,0.8029
1e-06,adam,NeuCMFi0,32,0.1,500,0.8056
1e-06,adam,NeuCMFi0,32,0.1,1000,0.8129
1e-06,adam,NeuCMFi0,64,0.0,500,0.8012
1e-06,adam,NeuCMFi0,64,0.0,1000,0.8391
1e-06,adam,NeuCMFi0,64,0.01,500,0.8264
1e-06,adam,NeuCMFi0,64,0.01,1000,0.8244
1e-06,adam,NeuCMFi0,64,0.1,500,0.8333
1e-06,adam,NeuCMFi0,64,0.1,1000,0.8004
1e-06,adam,NeuCMF0w,32,0.0,500,0.8437
1e-06,adam,NeuCMF0w,32,0.0,1000,0.8358
1e-06,adam,NeuCMF0w,32,0.01,500,0.7948
1e-06,adam,NeuCMF0w,32,0.01,1000,0.8327
1e-06,adam,NeuCMF0w,32,0.1,500,0.8175
1e-06,adam,NeuCMF0w,32,0.1,1000,0.8464
1e-06,adam,NeuCMF0w,64,0.0,500,0.8362
1e-06,adam,NeuCMF0w,64,0.0,1000,0.8223
1e-06,adam,NeuCMF0w,64,0.01,500,0.8244
1e-06,adam,NeuCMF0w,64,0.01,1000,0.8216
1e-06,adam,NeuCMF0w,64,0.1,500,0.8363
1e-06,adam,NeuCMF0w,64,0.1,1000,0.8337
1e-06,adam,NeuCMFw0,32,0.0,500,0.805
1e-06,adam,NeuCMFw0,32,0.0,1000,0.8053
1e-06,adam,NeuCMFw0,32,0.01,500,0.8136
1e-06,adam,NeuCMFw0,32,0.01,1000,0.8327
1e-06,adam,NeuCMFw0,32,0.1,500,0.8325
1e-06,adam,NeuCMFw0,32,0.1,1000,0.829
1e-06,adam,NeuCMFw0,64,0.0,500,0.8144
1e-06,adam,NeuCMFw0,64,0.0,1000,0.8248
1e-06,adam,NeuCMFw0,64,0.01,500,0.8195
1e-06,adam,NeuCMFw0,64,0.01,1000,0.8176
1e-06,adam,NeuCMFw0,64,0.1,500,0.8416
1e-06,adam,NeuCMFw0,64,0.1,1000,0.8131
1e-06,RMSprop,NeuCMFii,32,0.0,500,0.8025
1e-06,RMSprop,NeuCMFii,32,0.0,1000,0.8193
1e-06,RMSprop,NeuCMFii,32,0.01,500,0.8155
1e-06,RMSprop,NeuCMFii,32,0.01,1000,0.8073
1e-06,RMSprop,NeuCMFii,32,0.1,500,0.8465
1e-06,RMSprop,NeuCMFii,32,0.1,1000,0.8288
1e-06,RMSprop,NeuCMFii,64,0.0,500,0.8216
1e-06,RMSprop,NeuCMFii,64,0.0,1000,0.8116
1e-06,RMSprop,NeuCMFii,64,0.01,500,0.8071
1e-06,RMSprop,NeuCMFii,64,0.01,1000,0.8114
1e-06,RMSprop,NeuCMFii,64,0.1,500,0.8292
1e-06,RMSprop,NeuCMFii,64,0.1,1000,0.8303
1e-06,RMSprop,NeuCMFww,32,0.0,500,0.8321
1e-06,RMSprop,NeuCMFww,32,0.0,1000,0.8158
1e-06,RMSprop,NeuCMFww,32,0.01,500,0.8194
1e-06,RMSprop,NeuCMFww,32,0.01,1000,0.7956
1e-06,RMSprop,NeuCMFww,32,0.1,500,0.8293
1e-06,RMSprop,NeuCMFww,32,0.1,1000,0.8189
1e-06,RMSprop,NeuCMFww,64,0.0,500,0.8193
1e-06,RMSprop,NeuCMFww,64,0.0,1000,0.8105
1e-06,RMSprop,NeuCMFww,64,0.01,500,0.8342
1e-06,RMSprop,NeuCMFww,64,0.01,1000,0.823
1e-06,RMSprop,NeuCMFww,64,0.1,500,0.8084
1e-06,RMSprop,NeuCMFww,64,0.1,1000,0.8125
1e-06,RMSprop,NeuCMF0i,32,0.0,500,0.8155
1e-06,RMSprop,NeuCMF0i,32,0.0,1000,0.8182
1e-06,RMSprop,NeuCMF0i,32,0.01,500,0.8099
1e-06,RMSprop,NeuCMF0i,32,0.01,1000,0.8138
1e-06,RMSprop,NeuCMF0i,32,0.1,500,0.8212
1e-06,RMSprop,NeuCMF0i,32,0.1,1000,0.8501
1e-06,RMSprop,NeuCMF0i,64,0.0,500,0.8239
1e-06,RMSprop,NeuCMF0i,64,0.0,1000,0.8413
1e-06,RMSprop,NeuCMF0i,64,0.01,500,0.8133
1e-06,RMSprop,NeuCMF0i,64,0.01,1000,0.8099
1e-06,RMSprop,NeuCMF0i,64,0.1,500,0.8223
1e-06,RMSprop,NeuCMF0i,64,0.1,1000,0.806
1e-06,RMSprop,NeuCMFi0,32,0.0,500,0.8143
1e-06,RMSprop,NeuCMFi0,32,0.0,1000,0.818
1e-06,RMSprop,NeuCMFi0,32,0.01,500,0.8318
1e-06,RMSprop,NeuCMFi0,32,0.01,1000,0.7948
1e-06,RMSprop,NeuCMFi0,32,0.1,500,0.7992
1e-06,RMSprop,NeuCMFi0,32,0.1,1000,0.8159
1e-06,RMSprop,NeuCMFi0,64,0.0,500,0.8155
1e-06,RMSprop,NeuCMFi0,64,0.0,1000,0.8056
1e-06,RMSprop,NeuCMFi0,64,0.01,500,0.8165
1e-06,RMSprop,NeuCMFi0,64,0.01,1000,0.8102
1e-06,RMSprop,NeuCMFi0,64,0.1,500,0.8334
1e-06,RMSprop,NeuCMFi0,64,0.1,1000,0.7943
1e-06,RMSprop,NeuCMF0w,32,0.0,500,0.8143
1e-06,RMSprop,NeuCMF0w,32,0.0,1000,0.8116
1e-06,RMSprop,NeuCMF0w,32,0.01,500,0.8337
1e-06,RMSprop,NeuCMF0w,32,0.01,1000,0.8272
1e-06,RMSprop,NeuCMF0w,32,0.1,500,0.8161
1e-06,RMSprop,NeuCMF0w,32,0.1,1000,0.8266
1e-06,RMSprop,NeuCMF0w,64,0.0,500,0.8295
1e-06,RMSprop,NeuCMF0w,64,0.0,1000,0.8217
1e-06,RMSprop,NeuCMF0w,64,0.01,500,0.803
1e-06,RMSprop,NeuCMF0w,64,0.01,1000,0.8166
1e-06,RMSprop,NeuCMF0w,64,0.1,500,0.8137
1e-06,RMSprop,NeuCMF0w,64,0.1,1000,0.8273
1e-06,RMSprop,NeuCMFw0,32,0.0,500,0.8079
1e-06,RMSprop,NeuCMFw0,32,0.0,1000,0.8151
1e-06,RMSprop,NeuCMFw0,32,0.01,500,0.8126
1e-06,RMSprop,NeuCMFw0,32,0.01,1000,0.7968
1e-06,RMSprop,NeuCMFw0,32,0.1,500,0.8213
1e-06,RMSprop,NeuCMFw0,32,0.1,1000,0.8076
1e-06,RMSprop,NeuCMFw0,64,0.0,500,0.8277
1e-06,RMSprop,NeuCMFw0,64,0.0,1000,0.8197
1e-06,RMSprop,NeuCMFw0,64,0.01,500,0.8425
1e-06,RMSprop,NeuCMFw0,64,0.01,1000,0.834
1e-06,RMSprop,NeuCMFw0,64,0.1,500,0.8133
1e-06,RMSprop,NeuCMFw0,64,0.1,1000,0.831
1.0,adam,NeuCMFii,128,0.0,500,0.8159
1.0,adam,NeuCMFii,128,0.0,1000,0.8041
1.0,adam,NeuCMFii,128,0.01,500,0.8028
1.0,adam,NeuCMFii,128,0.01,1000,0.8247
1.0,adam,NeuCMFii,128,0.1,500,0.8303
1.0,adam,NeuCMFii,128,0.1,1000,0.7926
1.0,adam,NeuCMFii,256,0.0,500,0.8187
1.0,adam,NeuCMFii,256,0.0,1000,0.8183
1.0,adam,NeuCMFii,256,0.01,500,0.8152
1.0,adam,NeuCMFii,256,0.01,1000,0.8195
1.0,adam,NeuCMFii,256,0.1,500,0.8275
1.0,adam,NeuCMFii,256,0.1,1000,0.8185
1.0,adam,NeuCMFii,512,0.0,500,0.8171
1.0,adam,NeuCMFii,512,0.0,1000,0.8265
1.0,adam,NeuCMFii,512,0.01,500,0.8066
1.0,adam,NeuCMFii,512,0.01,1000,0.8206
1.0,adam,NeuCMFii,512,0.1,500,0.8155
1.0,adam,NeuCMFii,512,0.1,1000,0.8342
1.0,adam,NeuCMFww,128,0.0,500,0.8408
1.0,adam,NeuCMFww,128,0.0,1000,0.8196
1.0,adam,NeuCMFww,128,0.01,500,0.8553
1.0,adam,NeuCMFww,128,0.01,1000,0.8426
1.0,adam,NeuCMFww,128,0.1,500,0.8228
1.0,adam,NeuCMFww,128,0.1,1000,0.8152
1.0,adam,NeuCMFww,256,0.0,500,0.805
1.0,adam,NeuCMFww,256,0.0,1000,0.8211
1.0,adam,NeuCMFww,256,0.01,500,0.8327
1.0,adam,NeuCMFww,256,0.01,1000,0.8321
1.0,adam,NeuCMFww,256,0.1,500,0.8285
1.0,adam,NeuCMFww,256,0.1,1000,0.8424
1.0,adam,NeuCMFww,512,0.0,500,0.8093
1.0,adam,NeuCMFww,512,0.0,1000,0.816
1.0,adam,NeuCMFww,512,0.01,500,0.8199
1.0,adam,NeuCMFww,512,0.01,1000,0.83
1.0,adam,NeuCMFww,512,0.1,500,0.8264
1.0,adam,NeuCMFww,512,0.1,1000,0.8508
1.0,adam,NeuCMF0i,128,0.0,500,0.8254
1.0,adam,NeuCMF0i,128,0.0,1000,0.8377
1.0,adam,NeuCMF0i,128,0.01,500,0.8211
1.0,adam,NeuCMF0i,128,0.01,1000,0.8288
1.0,adam,NeuCMF0i,128,0.1,500,0.8097
1.0,adam,NeuCMF0i,128,0.1,1000,0.8141
1.0,adam,NeuCMF0i,256,0.0,500,0.82
1.0,adam,NeuCMF0i,256,0.0,1000,0.809
1.0,adam,NeuCMF0i,256,0.01,500,0.8333
1.0,adam,NeuCMF0i,256,0.01,1000,0.8164
1.0,adam,NeuCMF0i,256,0.1,500,0.8121
1.0,adam,NeuCMF0i,256,0.1,1000,0.8282
1.0,adam,NeuCMF0i,512,0.0,500,0.822
1.0,adam,NeuCMF0i,512,0.0,1000,0.8213
1.0,adam,NeuCMF0i,512,0.01,500,0.8051
1.0,adam,NeuCMF0i,512,0.01,1000,0.8361
1.0,adam,NeuCMF0i,512,0.1,500,0.854
1.0,adam,NeuCMF0i,512,0.1,1000,0.8326
1.0,adam,NeuCMFi0,128,0.0,500,0.8468
1.0,adam,NeuCMFi0,128,0.0,1000,0.841
1.0,adam,NeuCMFi0,128,0.01,500,0.8037
1.0,adam,NeuCMFi0,128,0.01,1000,0.8224
1.0,adam,NeuCMFi0,128,0.1,500,0.8298
1.0,adam,NeuCMFi0,128,0.1,1000,0.8373
1.0,adam,NeuCMFi0,256,0.0,500,0.8291
1.0,adam,NeuCMFi0,256,0.0,1000,0.8299
1.0,adam,NeuCMFi0,256,0.01,500,0.8053
1.0,adam,NeuCMFi0,256,0.01,1000,0.8374
1.0,adam,NeuCMFi0,256,0.1,500,0.8288
1.0,adam,NeuCMFi0,256,0.1,1000,0.8079
1.0,adam,NeuCMFi0,512,0.0,500,0.8387
1.0,adam,NeuCMFi0,512,0.0,1000,0.8439
1.0,adam,NeuCMFi0,512,0.01,500,0.8221
1.0,adam,NeuCMFi0,512,0.01,1000,0.8191
1.0,adam,NeuCMFi0,512,0.1,500,0.8335
1.0,adam,NeuCMFi0,512,0.1,1000,0.8195
1.0,adam,NeuCMF0w,128,0.0,500,0.8074
1.0,adam,NeuCMF0w,128,0.0,1000,0.8233
1.0,adam,NeuCMF0w,128,0.01,500,0.829
1.0,adam,NeuCMF0w,128,0.01,1000,0.8161
1.0,adam,NeuCMF0w,128,0.1,500,0.822
1.0,adam,NeuCMF0w,128,0.1,1000,0.8248
1.0,adam,NeuCMF0w,256,0.0,500,0.812
1.0,adam,NeuCMF0w,256,0.0,1000,0.8193
1.0,adam,NeuCMF0w,256,0.01,500,0.8071
1.0,adam,NeuCMF0w,256,0.01,1000,0.8099
1.0,adam,NeuCMF0w,256,0.1,500,0.8244
1.0,adam,NeuCMF0w,256,0.1,1000,0.8191
1.0,adam,NeuCMF0w,512,0.0,500,0.8265
1.0,adam,NeuCMF0w,512,0.0,1000,0.8386
1.0,adam,NeuCMF0w,512,0.01,500,0.8319
1.0,adam,NeuCMF0w,512,0.01,1000,0.8157
1.0,adam,NeuCMF0w,512,0.1,500,0.8072
1.0,adam,NeuCMF0w,512,0.1,1000,0.8437
1.0,adam,NeuCMFw0,128,0.0,500,0.8118
1.0,adam,NeuCMFw0,128,0.0,1000,0.8131
1.0,adam,NeuCMFw0,128,0.01,500,0.8246
1.0,adam,NeuCMFw0,128,0.01,1000,0.8209
1.0,adam,NeuCMFw0,128,0.1,500,0.8031
1.0,adam,NeuCMFw0,128,0.1,1000,0.8016
1.0,adam,NeuCMFw0,256,0.0,500,0.8099
1.0,adam,NeuCMFw0,256,0.0,1000,0.8312
1.0,adam,NeuCMFw0,256,0.01,500,0.8395
1.0,adam,NeuCMFw0,256,0.01,1000,0.8103
1.0,adam,NeuCMFw0,256,0.1,500,0.8336
1.0,adam,NeuCMFw0,256,0.1,1000,0.8235
1.0,adam,NeuCMFw0,512,0.0,500,0.8143
1.0,adam,NeuCMFw0,512,0.0,1000,0.8114
1.0,adam,NeuCMFw0,512,0.01,500,0.8201
1.0,adam,NeuCMFw0,512,0.01,1000,0.8101
1.0,adam,NeuCMFw0,512,0.1,500,0.8175
1.0,adam,NeuCMFw0,512,0.1,1000,0.8029
1.0,RMSprop,NeuCMFii,128,0.0,500,0.8102
1.0,RMSprop,NeuCMFii,128,0.0,1000,0.8093
1.0,RMSprop,NeuCMFii,128,0.01,500,0.8314
1.0,RMSprop,NeuCMFii,128,0.01,1000,0.8061
1.0,RMSprop,NeuCMFii,128,0.1,500,0.8004
1.0,RMSprop,NeuCMFii,128,0.1,1000,0.8285
1.0,RMSprop,NeuCMFii,256,0.0,500,0.8375
1.0,RMSprop,NeuCMFii,256,0.0,1000,0.8072
1.0,RMSprop,NeuCMFii,256,0.01,500,0.8126
1.0,RMSprop,NeuCMFii,256,0.01,1000,0.8009
1.0,RMSprop,NeuCMFii,256,0.1,500,0.8484
1.0,RMSprop,NeuCMFii,256,0.1,1000,0.8181
1.0,RMSprop,NeuCMFii,512,0.0,500,0.7903
1.0,RMSprop,NeuCMFii,512,0.0,1000,0.8071
1.0,RMSprop,NeuCMFii,512,0.01,500,0.8042
1.0,RMSprop,NeuCMFii,512,0.01,1000,0.8259
1.0,RMSprop,NeuCMFii,512,0.1,500,0.8293
1.0,RMSprop,NeuCMFii,512,0.1,1000,0.82
1.0,RMSprop,NeuCMFww,128,0.0,500,0.8141
1.0,RMSprop,NeuCMFww,128,0.0,1000,0.8093
1.0,RMSprop,NeuCMFww,128,0.01,500,0.835
1.0,RMSprop,NeuCMFww,128,0.01,1000,0.8166
1.0,RMSprop,NeuCMFww,128,0.1,500,0.8387
1.0,RMSprop,NeuCMFww,128,0.1,1000,0.8059
1.0,RMSprop,NeuCMFww,256,0.0,500,0.8495
1.0,RMSprop,NeuCMFww,256,0.0,1000,0.8177
1.0,RMSprop,NeuCMFww,256,0.01,500,0.818
1.0,RMSprop,NeuCMFww,256,0.01,1000,0.8256
1.0,RMSprop,NeuCMFww,256,0.1,500,0.8352
1.0,RMSprop,NeuCMFww,256,0.1,1000,0.8209
1.0,RMSprop,NeuCMFww,512,0.0,500,0.8365
1.0,RMSprop,NeuCMFww,512,0.0,1000,0.8239
1.0,RMSprop,NeuCMFww,512,0.01,500,0.8269
1.0,RMSprop,NeuCMFww,512,0.01,1000,0.8007
1.0,RMSprop,NeuCMFww,512,0.1,500,0.824
1.0,RMSprop,NeuCMFww,512,0.1,1000,0.8072
1.0,RMSprop,NeuCMF0i,128,0.0,500,0.8266
1.0,RMSprop,NeuCMF0i,128,0.0,1000,0.838
1.0,RMSprop,NeuCMF0i,128,0.01,500,0.8047
1.0,RMSprop,NeuCMF0i,128,0.01,1000,0.8483
1.0,RMSprop,NeuCMF0i,128,0.1,500,0.817
1.0,RMSprop,NeuCMF0i,128,0.1,1000,0.8016
1.0,RMSprop,NeuCMF0i,256,0.0,500,0.8496
1.0,RMSprop,NeuCMF0i,256,0.0,1000,0.8254
1.0,RMSprop,NeuCMF0i,256,0.01,500,0.8198
1.0,RMSprop,NeuCMF0i,256,0.01,1000,0.8153
1.0,RMSprop,NeuCMF0i,256,0.1,500,0.8099
1.0,RMSprop,NeuCMF0i,256,0.1,1000,0.8465
1.0,RMSprop,NeuCMF0i,512,0.0,500,0.8071
1.0,RMSprop,NeuCMF0i,512,0.0,1000,0.8233
1.0,RMSprop,NeuCMF0i,512,0.01,500,0.827
1.0,RMSprop,NeuCMF0i,512,0.01,1000,0.8162
1.0,RMSprop,NeuCMF0i,512,0.1,500,0.8214
1.0,RMSprop,NeuCMF0i,512,0.1,1000,0.8278
1.0,RMSprop,NeuCMFi0,128,0.0,500,0.8204
1.0,RMSprop,NeuCMFi0,128,0.0,1000,0.8125
1.0,RMSprop,NeuCMFi0,128,0.01,500,0.7926
1.0,RMSprop,NeuCMFi0,128,0.01,1000,0.8118
1.0,RMSprop,NeuCMFi0,128,0.1,500,0.8528
1.0,RMSprop,NeuCMFi0,128,0.1,1000,0.8253
1.0,RMSprop,NeuCMFi0,256,0.0,500,0.8277
1.0,RMSprop,NeuCMFi0,256,0.0,1000,0.8351
1.0,RMSprop,NeuCMFi0,256,0.01,500,0.8356
1.0,RMSprop,NeuCMFi0,256,0.01,1000,0.806
1.0,RMSprop,NeuCMFi0,256,0.1,500,0.8005
1.0,RMSprop,NeuCMFi0,256,0.1,1000,0.8247
1.0,RMSprop,NeuCMFi0,512,0.0,500,0.8241
1.0,RMSprop,NeuCMFi0,512,0.0,1000,0.8189
1.0,RMSprop,NeuCMFi0,512,0.01,500,0.827
1.0,RMSprop,NeuCMFi0,512,0.01,1000,0.8185
1.0,RMSprop,NeuCMFi0,512,0.1,500,0.795
1.0,RMSprop,NeuCMFi0,512,0.1,1000,0.8055
1.0,RMSprop,NeuCMF0w,128,0.0,500,0.8139
1.0,RMSprop,NeuCMF0w,128,0.0,1000,0.8406
1.0,RMSprop,NeuCMF0w,128,0.01,500,0.8131
1.0,RMSprop,NeuCMF0w,128,0.01,1000,0.8171
1.0,RMSprop,NeuCMF0w,128,0.1,500,0.8372
1.0,RMSprop,NeuCMF0w,128,0.1,1000,0.8278
1.0,RMSprop,NeuCMF0w,256,0.0,500,0.8285
1.0,RMSprop,NeuCMF0w,256,0.0,1000,0.8208
1.0,RMSprop,NeuCMF0w,256,0.01,500,0.8213
1.0,RMSprop,NeuCMF0w,256,0.01,1000,0.828
1.0,RMSprop,NeuCMF0w,256,0.1,500,0.7937
1.0,RMSprop,NeuCMF0w,256,0.1,1000,0.8087
1.0,RMSprop,NeuCMF0w,512,0.0,500,0.8387
1.0,RMSprop,NeuCMF0w,512,0.0,1000,0.8005
1.0,RMSprop,NeuCMF0w,512,0.01,500,0.8218
1.0,RMSprop,NeuCMF0w,512,0.01,1000,0.8492
1.0,RMSprop,NeuCMF0w,512,0.1,500,0.8354
1.0,RMSprop,NeuCMF0w,512,0.1,1000,0.8232
1.0,RMSprop,NeuCMFw0,128,0.0,500,0.8073
1.0,RMSprop,NeuCMFw0,128,0.0,1000,0.8261
1.0,RMSprop,NeuCMFw0,128,0.01,500,0.7979
1.0,RMSprop,NeuCMFw0,128,0.01,1000,0.8064
1.0,RMSprop,NeuCMFw0,128,0.1,500,0.8052
1.0,RMSprop,NeuCMFw0,128,0.1,1000,0.8059
1.0,RMSprop,NeuCMFw0,256,0.0,500,0.8127
1.0,RMSprop,NeuCMFw0,256,0.0,1000,0.8168
1.0,RMSprop,NeuCMFw0,256,0.01,500,0.8098
1.0,RMSprop,NeuCMFw0,256,0.01,1000,0.8186
1.0,RMSprop,NeuCMFw0,256,0.1,500,0.8217
1.0,RMSprop,NeuCMFw0,256,0.1,1000,0.8377
1.0,RMSprop,NeuCMFw0,512,0.0,500,0.7877
1.0,RMSprop,NeuCMFw0,512,0.0,1000,0.8144
1.0,RMSprop,NeuCMFw0,512,0.01,500,0.8206
1.0,RMSprop,NeuCMFw0,512,0.01,1000,0.8228
1.0,RMSprop,NeuCMFw0,512,0.1,500,0.8133
1.0,RMSprop,NeuCMFw0,512,0.1,1000,0.8245
0.1,adam,NeuCMFii,128,0.0,500,0.8203
0.1,adam,NeuCMFii,128,0.0,1000,0.8167
0.1,adam,NeuCMFii,128,0.01,500,0.8314
0.1,adam,NeuCMFii,128,0.01,1000,0.8077
0.1,adam,NeuCMFii,128,0.1,500,0.8402
0.1,adam,NeuCMFii,128,0.1,1000,0.8257
0.1,adam,NeuCMFii,256,0.0,500,0.817
0.1,adam,NeuCMFii,256,0.0,1000,0.8043
0.1,adam,NeuCMFii,256,0.01,500,0.7954
0.1,adam,NeuCMFii,256,0.01,1000,0.8181
0.1,adam,NeuCMFii,256,0.1,500,0.8351
0.1,adam,NeuCMFii,256,0.1,1000,0.7942
0.1,adam,NeuCMFii,512,0.0,500,0.8109
0.1,adam,NeuCMFii,512,0.0,1000,0.8095
0.1,adam,NeuCMFii,512,0.01,500,0.8208
0.1,adam,NeuCMFii,512,0.01,1000,0.8321
0.1,adam,NeuCMFii,512,0.1,500,0.8267
0.1,adam,NeuCMFii,512,0.1,1000,0.8112
0.1,adam,NeuCMFww,128,0.0,500,0.8217
0.1,adam,NeuCMFww,128,0.0,1000,0.8263
0.1,adam,NeuCMFww,128,0.01,500,0.8297
0.1,adam,NeuCMFww,128,0.01,1000,0.8158
0.1,adam,NeuCMFww,128,0.1,500,0.8251
0.1,adam,NeuCMFww,128,0.1,1000,0.8049
0.1,adam,NeuCMFww,256,0.0,500,0.8118
0.1,adam,NeuCMFww,256,0.0,1000,0.8087
0.1,adam,NeuCMFww,256,0.01,500,0.8206
0.1,adam,NeuCMFww,256,0.01,1000,0.8132
0.1,adam,NeuCMFww,256,0.1,500,0.825
0.1,adam,NeuCMFww,256,0.1,1000,0.8136
0.1,adam,NeuCMFww,512,0.0,500,0.8151
0.1,adam,NeuCMFww,512,0.0,1000,0.8181
0.1,adam,NeuCMFww,512,0.01,500,0.8034
0.1,adam,NeuCMFww,512,0.01,1000,0.8134
0.1,adam,NeuCMFww,512,0.1,500,0.8291
0.1,adam,NeuCMFww,512,0.1,1000,0.8185
0.1,adam,NeuCMF0i,128,0.0,500,0.8207
0.1,adam,NeuCMF0i,128,0.0,1000,0.812
0.1,adam,NeuCMF0i,128,0.01,500,0.8282
0.1,adam,NeuCMF0i,128,0.01,1000,0.8135
0.1,adam,NeuCMF0i,128,0.1,500,0.8444
0.1,adam,NeuCMF0i,128,0.1,1000,0.8291
0.1,adam,NeuCMF0i,256,0.0,500,0.8122
0.1,adam,NeuCMF0i,256,0.0,1000,0.8096
0.1,adam,NeuCMF0i,256,0.01,500,0.8179
0.1,adam,NeuCMF0i,256,0.01,1000,0.8215
0.1,adam,NeuCMF0i,256,0.1,500,0.8259
0.1,adam,NeuCMF0i,256,0.1,1000,0.8193
0.1,adam,NeuCMF0i,512,0.0,500,0.8233
0.1,adam,NeuCMF0i,512,0.0,1000,0.8213
0.1,adam,NeuCMF0i,512,0.01,500,0.8411
0.1,adam,NeuCMF0i,512,0.01,1000,0.8087
0.1,adam,NeuCMF0i,512,0.1,500,0.8079
0.1,adam,NeuCMF0i,512,0.1,1000,0.8181
0.1,adam,NeuCMFi0,128,0.0,500,0.8072
0.1,adam,NeuCMFi0,128,0.0,1000,0.8374
0.1,adam,NeuCMFi0,128,0.01,500,0.8323
0.1,adam,NeuCMFi0,128,0.01,1000,0.8365
0.1,adam,NeuCMFi0,128,0.1,500,0.834
0.1,adam,NeuCMFi0,128,0.1,1000,0.8248
0.1,adam,NeuCMFi0,256,0.0,500,0.8163
0.1,adam,NeuCMFi0,256,0.0,1000,0.8284
0.1,adam,NeuCMFi0,256,0.01,500,0.8153
0.1,adam,NeuCMFi0,256,0.01,1000,0.8203
0.1,adam,NeuCMFi0,256,0.1,500,0.7845
0.1,adam,NeuCMFi0,256,0.1,1000,0.8247
0.1,adam,NeuCMFi0,512,0.0,500,0.8161
0.1,adam,NeuCMFi0,512,0.0,1000,0.8393
0.1,adam,NeuCMFi0,512,0.01,500,0.8212
0.1,adam,NeuCMFi0,512,0.01,1000,0.7986
0.1,adam,NeuCMFi0,512,0.1,500,0.8215
0.1,adam,NeuCMFi0,512,0.1,1000,0.8115
0.1,adam,NeuCMF0w,128,0.0,500,0.8129
0.1,adam,NeuCMF0w,128,0.0,1000,0.8259
0.1,adam,NeuCMF0w,128,0.01,500,0.8335
0.1,adam,NeuCMF0w,128,0.01,1000,0.8225
0.1,adam,NeuCMF0w,128,0.1,500,0.8115
0.1,adam,NeuCMF0w,128,0.1,1000,0.8193
0.1,adam,NeuCMF0w,256,0.0,500,0.8362
0.1,adam,NeuCMF0w,256,0.0,1000,0.8352
0.1,adam,NeuCMF0w,256,0.01,500,0.8148
0.1,adam,NeuCMF0w,256,0.01,1000,0.8098
0.1,adam,NeuCMF0w,256,0.1,500,0.8238
0.1,adam,NeuCMF0w,256,0.1,1000,0.8133
0.1,adam,NeuCMF0w,512,0.0,500,0.8359
0.1,adam,NeuCMF0w,512,0.0,1000,0.8298
0.1,adam,NeuCMF0w,512,0.01,500,0.8226
0.1,adam,NeuCMF0w,512,0.01,1000,0.817
0.1,adam,NeuCMF0w,512,0.1,500,0.8013
0.1,adam,NeuCMF0w,512,0.1,1000,0.798
0.1,adam,NeuCMFw0,128,0.0,500,0.8261
0.1,adam,NeuCMFw0,128,0.0,1000,0.8258
0.1,adam,NeuCMFw0,128,0.01,500,0.8239
0.1,adam,NeuCMFw0,128,0.01,1000,0.8125
0.1,adam,NeuCMFw0,128,0.1,500,0.8317
0.1,adam,NeuCMFw0,128,0.1,1000,0.8297
0.1,adam,NeuCMFw0,256,0.0,500,0.8331
0.1,adam,NeuCMFw0,256,0.0,1000,0.828
0.1,adam,NeuCMFw0,256,0.01,500,0.8261
0.1,adam,NeuCMFw0,256,0.01,1000,0.825
0.1,adam,NeuCMFw0,256,0.1,500,0.8028
0.1,adam,NeuCMFw0,256,0.1,1000,0.8207
0.1,adam,NeuCMFw0,512,0.0,500,0.8126
0.1,adam,NeuCMFw0,512,0.0,1000,0.8345
0.1,adam,NeuCMFw0,512,0.01,500,0.8278
0.1,adam,NeuCMFw0,512,0.01,1000,0.8294
0.1,adam,NeuCMFw0,512,0.1,500,0.8132
0.1,adam,NeuCMFw0,512,0.1,1000,0.8151
0.1,RMSprop,NeuCMFii,128,0.0,500,0.8124
0.1,RMSprop,NeuCMFii,128,0.0,1000,0.8209
0.1,RMSprop,NeuCMFii,128,0.01,500,0.8134
0.1,RMSprop,NeuCMFii,128,0.01,1000,0.8363
0.1,RMSprop,NeuCMFii,128,0.1,500,0.808
0.1,RMSprop,NeuCMFii,128,0.1,1000,0.8001
0.1,RMSprop,NeuCMFii,256,0.0,500,0.8377
0.1,RMSprop,NeuCMFii,256,0.0,1000,0.8291
0.1,RMSprop,NeuCMFii,256,0.01,500,0.8222
0.1,RMSprop,NeuCMFii,256,0.01,1000,0.8334
0.1,RMSprop,NeuCMFii,256,0.1,500,0.8056
0.1,RMSprop,NeuCMFii,256,0.1,1000,0.8132
0.1,RMSprop,NeuCMFii,512,0.0,500,0.8165
0.1,RMSprop,NeuCMFii,512,0.0,1000,0.8103
0.1,RMSprop,NeuCMFii,512,0.01,500,0.8237
0.1,RMSprop,NeuCMFii,512,0.01,1000,0.8179
0.1,RMSprop,NeuCMFii,512,0.1,500,0.8337
0.1,RMSprop,NeuCMFii,512,0.1,1000,0.8265
0.1,RMSprop,NeuCMFww,128,0.0,500,0.8196
0.1,RMSprop,NeuCMFww,128,0.0,1000,0.821
0.1,RMSprop,NeuCMFww,128,0.01,500,0.8337
0.1,RMSprop,NeuCMFww,128,0.01,1000,0.8348
0.1,RMSprop,NeuCMFww,128,0.1,500,0.8023
0.1,RMSprop,NeuCMFww,128,0.1,1000,0.8163
0.1,RMSprop,NeuCMFww,256,0.0,500,0.8181
0.1,RMSprop,NeuCMFww,256,0.0,1000,0.7982
0.1,RMSprop,NeuCMFww,256,0.01,500,0.8125
0.1,RMSprop,NeuCMFww,256,0.01,1000,0.8136
0.1,RMSprop,NeuCMFww,256,0.1,500,0.8192
0.1,RMSprop,NeuCMFww,256,0.1,1000,0.8404
0.1,RMSprop,NeuCMFww,512,0.0,500,0.8135
0.1,RMSprop,NeuCMFww,512,0.0,1000,0.8251
0.1,RMSprop,NeuCMFww,512,0.01,500,0.8249
0.1,RMSprop,NeuCMFww,512,0.01,1000,0.825
0.1,RMSprop,NeuCMFww,512,0.1,500,0.8213
0.1,RMSprop,NeuCMFww,512,0.1,1000,0.8093
0.1,RMSprop,NeuCMF0i,128,0.0,500,0.7997
0.1,RMSprop,NeuCMF0i,128,0.0,1000,0.8235
0.1,RMSprop,NeuCMF0i,128,0.01,500,0.8103
0.1,RMSprop,NeuCMF0i,128,0.01,1000,0.7939
0.1,RMSprop,NeuCMF0i,128,0.1,500,0.8131
0.1,RMSprop,NeuCMF0i,128,0.1,1000,0.8204
0.1,RMSprop,NeuCMF0i,256,0.0,500,0.7977
0.1,RMSprop,NeuCMF0i,256,0.0,1000,0.8272
0.1,RMSprop,NeuCMF0i,256,0.01,500,0.8137
0.1,RMSprop,NeuCMF0i,256,0.01,1000,0.8305
0.1,RMSprop,NeuCMF0i,256,0.1,500,0.8533
0.1,RMSprop,NeuCMF0i,256,0.1,1000,0.8229
0.1,RMSprop,NeuCMF0i,512,0.0,500,0.817
0.1,RMSprop,NeuCMF0i,512,0.0,1000,0.8075
0.1,RMSprop,NeuCMF0i,512,0.01,500,0.8095
0.1,RMSprop,NeuCMF0i,512,0.01,1000,0.8157
0.1,RMSprop,NeuCMF0i,512,0.1,500,0.827
0.1,RMSprop,NeuCMF0i,512,0.1,1000,0.8256
0.1,RMSprop,NeuCMFi0,128,0.0,500,0.8434
0.1,RMSprop,NeuCMFi0,128,0.0,1000,0.8078
0.1,RMSprop,NeuCMFi0,128,0.01,500,0.8193
0.1,RMSprop,NeuCMFi0,128,0.01,1000,0.8155
0.1,RMSprop,NeuCMFi0,128,0.1,500,0.8366
0.1,RMSprop,NeuCMFi0,128,0.1,1000,0.8205
0.1,RMSprop,NeuCMFi0,256,0.0,500,0.8097
0.1,RMSprop,NeuCMFi0,256,0.0,1000,0.8164
0.1,RMSprop,NeuCMFi0,256,0.01,500,0.8281
0.1,RMSprop,NeuCMFi0,256,0.01,1000,0.8224
0.1,RMSprop,NeuCMFi0,256,0.1,500,0.8175
0.1,RMSprop,NeuCMFi0,256,0.1,1000,0.8193
0.1,RMSprop,NeuCMFi0,512,0.0,500,0.7975
0.1,RMSprop,NeuCMFi0,512,0.0,1000,0.833
0.1,RMSprop,NeuCMFi0,512,0.01,500,0.8222
0.1,RMSprop,NeuCMFi0,512,0.01,1000,0.8181
0.1,RMSprop,NeuCMFi0,512,0.1,500,0.8016
0.1,RMSprop,NeuCMFi0,512,0.1,1000,0.824
0.1,RMSprop,NeuCMF0w,128,0.0,500,0.8277
0.1,RMSprop,NeuCMF0w,128,0.0,1000,0.8197
0.1,RMSprop,NeuCMF0w,128,0.01,500,0.8377
0.1,RMSprop,NeuCMF0w,128,0.01,1000,0.8141
0.1,RMSprop,NeuCMF0w,128,0.1,500,0.8245
0.1,RMSprop,NeuCMF0w,128,0.1,1000,0.8324
0.1,RMSprop,NeuCMF0w,256,0.0,500,0.8169
0.1,RMSprop,NeuCMF0w,256,0.0,1000,0.8201
0.1,RMSprop,NeuCMF0w,256,0.01,500,0.8179
0.1,RMSprop,NeuCMF0w,256,0.01,1000,0.8307
0.1,RMSprop,NeuCMF0w,256,0.1,500,0.8324
0.1,RMSprop,NeuCMF0w,256,0.1,1000,0.8194
0.1,RMSprop,NeuCMF0w,512,0.0,500,0.8086
0.1,RMSprop,NeuCMF0w,512,0.0,1000,0.8278
0.1,RMSprop,NeuCMF0w,512,0.01,500,0.8099
0.1,RMSprop,NeuCMF0w,512,0.01,1000,0.8075
0.1,RMSprop,NeuCMF0w,512,0.1,500,0.8124
0.1,RMSprop,NeuCMF0w,512,0.1,1000,0.8296
0.1,RMSprop,NeuCMFw0,128,0.0,500,0.8422
0.1,RMSprop,NeuCMFw0,128,0.0,1000,0.8192
0.1,RMSprop,NeuCMFw0,128,0.01,500,0.8161
0.1,RMSprop,NeuCMFw0,128,0.01,1000,0.8098
0.1,RMSprop,NeuCMFw0,128,0.1,500,0.8419
0.1,RMSprop,NeuCMFw0,128,0.1,1000,0.816
0.1,RMSprop,NeuCMFw0,256,0.0,500,0.8026
0.1,RMSprop,NeuCMFw0,256,0.0,1000,0.8211
0.1,RMSprop,NeuCMFw0,256,0.01,500,0.8326
0.1,RMSprop,NeuCMFw0,256,0.01,1000,0.8173
0.1,RMSprop,NeuCMFw0,256,0.1,500,0.8439
0.1,RMSprop,NeuCMFw0,256,0.1,1000,0.8111
0.1,RMSprop,NeuCMFw0,512,0.0,500,0.8206
0.1,RMSprop,NeuCMFw0,512,0.0,1000,0.8163
0.1,RMSprop,NeuCMFw0,512,0.01,500,0.8353
0.1,RMSprop,NeuCMFw0,512,0.01,1000,0.8287
0.1,RMSprop,NeuCMFw0,512,0.1,500,0.8112
0.1,RMSprop,NeuCMFw0,512,0.1,1000,0.8145
0.01,adam,NeuCMFii,128,0.0,500,0.8457
0.01,adam,NeuCMFii,128,0.0,1000,0.807
0.01,adam,NeuCMFii,128,0.01,500,0.7934
0.01,adam,NeuCMFii,128,0.01,1000,0.8417
0.01,adam,NeuCMFii,128,0.1,500,0.7955
0.01,adam,NeuCMFii,128,0.1,1000,0.8285
0.01,adam,NeuCMFii,256,0.0,500,0.8144
0.01,adam,NeuCMFii,256,0.0,1000,0.8217
0.01,adam,NeuCMFii,256,0.01,500,0.821
0.01,adam,NeuCMFii,256,0.01,1000,0.828
0.01,adam,NeuCMFii,256,0.1,500,0.8145
0.01,adam,NeuCMFii,256,0.1,1000,0.819
0.01,adam,NeuCMFii,512,0.0,500,0.8158
0.01,adam,NeuCMFii,512,0.0,1000,0.8222
0.01,adam,NeuCMFii,512,0.01,500,0.7976
0.01,adam,NeuCMFii,512,0.01,1000,0.8223
0.01,adam,NeuCMFii,512,0.1,500,0.8346
0.01,adam,NeuCMFii,512,0.1,1000,0.8287
0.01,adam,NeuCMFww,128,0.0,500,0.8305
0.01,adam,NeuCMFww,128,0.0,1000,0.8239
0.01,adam,NeuCMFww,128,0.01,500,0.8149
0.01,adam,NeuCMFww,128,0.01,1000,0.823
0.01,adam,NeuCMFww,128,0.1,500,0.8218
0.01,adam,NeuCMFww,128,0.1,1000,0.8158
0.01,adam,NeuCMFww,256,0.0,500,0.8157
0.01,adam,NeuCMFww,256,0.0,1000,0.8201
0.01,adam,NeuCMFww,256,0.01,500,0.8384
0.01,adam,NeuCMFww,256,0.01,1000,0.8099
0.01,adam,NeuCMFww,256,0.1,500,0.8278
0.01,adam,NeuCMFww,256,0.1,1000,0.8009
0.01,adam,NeuCMFww,512,0.0,500,0.8351
0.01,adam,NeuCMFww,512,0.0,1000,0.7965
0.01,adam,NeuCMFww,512,0.01,500,0.8558
0.01,adam,NeuCMFww,512,0.01,1000,0.7959
0.01,adam,NeuCMFww,512,0.1,500,0.8268
0.01,adam,NeuCMFww,512,0.1,1000,0.8228
0.01,adam,NeuCMF0i,128,0.0,500,0.8215
0.01,adam,NeuCMF0i,128,0.0,1000,0.8192
0.01,adam,NeuCMF0i,128,0.01,500,0.833
0.01,adam,NeuCMF0i,128,0.01,1000,0.8128
0.01,adam,NeuCMF0i,128,0.1,500,0.8306
0.01,adam,NeuCMF0i,128,0.1,1000,0.8342
0.01,adam,NeuCMF0i,256,0.0,500,0.8009
0.01,adam,NeuCMF0i,256,0.0,1000,0.8224
0.01,adam,NeuCMF0i,256,0.01,500,0.8071
0.01,adam,NeuCMF0i,256,0.01,1000,0.8301
0.01,adam,NeuCMF0i,256,0.1,500,0.8274
0.01,adam,NeuCMF0i,256,0.1,1000,0.8157
0.01,adam,NeuCMF0i,512,0.0,500,0.8394
0.01,adam,NeuCMF0i,512,0.0,1000,0.8161
0.01,adam,NeuCMF0i,512,0.01,500,0.8084
0.01,adam,NeuCMF0i,512,0.01,1000,0.8208
0.01,adam,NeuCMF0i,512,0.1,500,0.8224
0.01,adam,NeuCMF0i,512,0.1,1000,0.8202
0.01,adam,NeuCMFi0,128,0.0,500,0.8042
0.01,adam,NeuCMFi0,128,0.0,1000,0.8393
0.01,adam,NeuCMFi0,128,0.01,500,0.8059
0.01,adam,NeuCMFi0,128,0.01,1000,0.8128
0.01,adam,NeuCMFi0,128,0.1,500,0.8251
0.01,adam,NeuCMFi0,128,0.1,1000,0.826
0.01,adam,NeuCMFi0,256,0.0,500,0.8066
0.01,adam,NeuCMFi0,256,0.0,1000,0.82
0.01,adam,NeuCMFi0,256,0.01,500,0.8236
0.01,adam,NeuCMFi0,256,0.01,1000,0.8041
0.01,adam,NeuCMFi0,256,0.1,500,0.84
0.01,adam,NeuCMFi0,256,0.1,1000,0.8407
0.01,adam,NeuCMFi0,512,0.0,500,0.8046
0.01,adam,NeuCMFi0,512,0.0,1000,0.8273
0.01,adam,NeuCMFi0,512,0.01,500,0.8315
0.01,adam,NeuCMFi0,512,0.01,1000,0.817
0.01,adam,NeuCMFi0,512,0.1,500,0.8279
0.01,adam,NeuCMFi0,512,0.1,1000,0.8468
0.01,adam,NeuCMF0w,128,0.0,500,0.8162
0.01,adam,NeuCMF0w,128,0.0,1000,0.8074
0.01,adam,NeuCMF0w,128,0.01,500,0.8391
0.01,adam,NeuCMF0w,128,0.01,1000,0.8369
0.01,adam,NeuCMF0w,128,0.1,500,0.7971
0.01,adam,NeuCMF0w,128,0.1,1000,0.8339
0.01,adam,NeuCMF0w,256,0.0,500,0.8274
0.01,adam,NeuCMF0w,256,0.0,1000,0.8011
0.01,adam,NeuCMF0w,256,0.01,500,0.8278
0.01,adam,NeuCMF0w,256,0.01,1000,0.8269
0.01,adam,NeuCMF0w,256,0.1,500,0.8193
0.01,adam,NeuCMF0w,256,0.1,1000,0.7991
0.01,adam,NeuCMF0w,512,0.0,500,0.8274
0.01,adam,NeuCMF0w,512,0.0,1000,0.8144
0.01,adam,NeuCMF0w,512,0.01,500,0.8174
0.01,adam,NeuCMF0w,512,0.01,1000,0.8143
0.01,adam,NeuCMF0w,512,0.1,500,0.8369
0.01,adam,NeuCMF0w,512,0.1,1000,0.8335
0.01,adam,NeuCMFw0,128,0.0,500,0.8214
0.01,adam,NeuCMFw0,128,0.0,1000,0.8223
0.01,adam,NeuCMFw0,128,0.01,500,0.8051
0.01,adam,NeuCMFw0,128,0.01,1000,0.8142
0.01,adam,NeuCMFw0,128,0.1,500,0.8139
0.01,adam,NeuCMFw0,128,0.1,1000,0.8167
0.01,adam,NeuCMFw0,256,0.0,500,0.8212
0.01,adam,NeuCMFw0,256,0.0,1000,0.8199
0.01,adam,NeuCMFw0,256,0.01,500,0.8213
0.01,adam,NeuCMFw0,256,0.01,1000,0.8196
0.01,adam,NeuCMFw0,256,0.1,500,0.829
0.01,adam,NeuCMFw0,256,0.1,1000,0.817
0.01,adam,NeuCMFw0,512,0.0,500,0.8308
0.01,adam,NeuCMFw0,512,0.0,1000,0.8234
0.01,adam,NeuCMFw0,512,0.01,500,0.8366
0.01,adam,NeuCMFw0,512,0.01,1000,0.7895
0.01,adam,NeuCMFw0,512,0.1,500,0.8182
0.01,adam,NeuCMFw0,512,0.1,1000,0.8206
0.01,RMSprop,NeuCMFii,128,0.0,500,0.8442
0.01,RMSprop,NeuCMFii,128,0.0,1000,0.8066
0.01,RMSprop,NeuCMFii,128,0.01,500,0.8316
0.01,RMSprop,NeuCMFii,128,0.01,1000,0.8205
0.01,RMSprop,NeuCMFii,128,0.1,500,0.8056
0.01,RMSprop,NeuCMFii,128,0.1,1000,0.8039
0.01,RMSprop,NeuCMFii,256,0.0,500,0.8126
0.01,RMSprop,NeuCMFii,256,0.0,1000,0.8224
0.01,RMSprop,NeuCMFii,256,0.01,500,0.8338
0.01,RMSprop,NeuCMFii,256,0.01,1000,0.8464
0.01,RMSprop,NeuCMFii,256,0.1,500,0.8471
0.01,RMSprop,NeuCMFii,256,0.1,1000,0.8322
0.01,RMSprop,NeuCMFii,512,0.0,500,0.8102
0.01,RMSprop,NeuCMFii,512,0.0,1000,0.8105
0.01,RMSprop,NeuCMFii,512,0.01,500,0.8097
0.01,RMSprop,NeuCMFii,512,0.01,1000,0.8134
0.01,RMSprop,NeuCMFii,512,0.1,500,0.8266
0.01,RMSprop,NeuCMFii,512,0.1,1000,0.8253
0.01,RMSprop,NeuCMFww,128,0.0,500,0.7973
0.01,RMSprop,NeuCMFww,128,0.0,1000,0.8109
0.01,RMSprop,NeuCMFww,128,0.01,500,0.842
0.01,RMSprop,NeuCMFww,128,0.01,1000,0.7952
0.01,RMSprop,NeuCMFww,128,0.1,500,0.8184
0.01,RMSprop,NeuCMFww,128,0.1,1000,0.8305
0.01,RMSprop,NeuCMFww,256,0.0,500,0.8152
0.01,RMSprop,NeuCMFww,256,0.0,1000,0.8523
0.01,RMSprop,NeuCMFww,256,0.01,500,0.8276
0.01,RMSprop,NeuCMFww,256,0.01,1000,0.8324
0.01,RMSprop,NeuCMFww,256,0.1,500,0.8203
0.01,RMSprop,NeuCMFww,256,0.1,1000,0.8076
0.01,RMSprop,NeuCMFww,512,0.0,500,0.8162
0.01,RMSprop,NeuCMFww,512,0.0,1000,0.8132
0.01,RMSprop,NeuCMFww,512,0.01,500,0.8392
0.01,RMSprop,NeuCMFww,512,0.01,1000,0.8097
0.01,RMSprop,NeuCMFww,512,0.1,500,0.8089
0.01,RMSprop,NeuCMFww,512,0.1,1000,0.8185
0.01,RMSprop,NeuCMF0i,128,0.0,500,0.8347
0.01,RMSprop,NeuCMF0i,128,0.0,1000,0.8279
0.01,RMSprop,NeuCMF0i,128,0.01,500,0.8469
0.01,RMSprop,NeuCMF0i,128,0.01,1000,0.8176
0.01,RMSprop,NeuCMF0i,128,0.1,500,0.8094
0.01,RMSprop,NeuCMF0i,128,0.1,1000,0.8145
0.01,RMSprop,NeuCMF0i,256,0.0,500,0.8353
0.01,RMSprop,NeuCMF0i,256,0.0,1000,0.8256
0.01,RMSprop,NeuCMF0i,256,0.01,500,0.8209
0.01,RMSprop,NeuCMF0i,256,0.01,1000,0.8084
0.01,RMSprop,NeuCMF0i,256,0.1,500,0.8238
0.01,RMSprop,NeuCMF0i,256,0.1,1000,0.8048
0.01,RMSprop,NeuCMF0i,512,0.0,500,0.8022
0.01,RMSprop,NeuCMF0i,512,0.0,1000,0.7949
0.01,RMSprop,NeuCMF0i,512,0.01,500,0.818
0.01,RMSprop,NeuCMF0i,512,0.01,1000,0.8191
0.01,RMSprop,NeuCMF0i,512,0.1,500,0.8035
0.01,RMSprop,NeuCMF0i,512,0.1,1000,0.7796
0.01,RMSprop,NeuCMFi0,128,0.0,500,0.836
0.01,RMSprop,NeuCMFi0,128,0.0,1000,0.8173
0.01,RMSprop,NeuCMFi0,128,0.01,500,0.8175
0.01,RMSprop,NeuCMFi0,128,0.01,1000,0.8147
0.01,RMSprop,NeuCMFi0,128,0.1,500,0.8197
0.01,RMSprop,NeuCMFi0,128,0.1,1000,0.8428
0.01,RMSprop,NeuCMFi0,256,0.0,500,0.8196
0.01,RMSprop,NeuCMFi0,256,0.0,1000,0.8336
0.01,RMSprop,NeuCMFi0,256,0.01,500,0.812
0.01,RMSprop,NeuCMFi0,256,0.01,1000,0.8069
0.01,RMSprop,NeuCMFi0,256,0.1,500,0.794
0.01,RMSprop,NeuCMFi0,256,0.1,1000,0.8298
0.01,RMSprop,NeuCMFi0,512,0.0,500,0.819
0.01,RMSprop,NeuCMFi0,512,0.0,1000,0.8177
0.01,RMSprop,NeuCMFi0,512,0.01,500,0.8309
0.01,RMSprop,NeuCMFi0,512,0.01,1000,0.813
0.01,RMSprop,NeuCMFi0,512,0.1,500,0.818
0.01,RMSprop,NeuCMFi0,512,0.1,1000,0.8305
0.01,RMSprop,NeuCMF0w,128,0.0,500,0.8055
0.01,RMSprop,NeuCMF0w,128,0.0,1000,0.8309
0.01,RMSprop,NeuCMF0w,128,0.01,500,0.8154
0.01,RMSprop,NeuCMF0w,128,0.01,1000,0.8129
0.01,RMSprop,NeuCMF0w,128,0.1,500,0.8245
0.01,RMSprop,NeuCMF0w,128,0.1,1000,0.8228
0.01,RMSprop,NeuCMF0w,256,0.0,500,0.8236
0.01,RMSprop,NeuCMF0w,256,0.0,1000,0.8059
0.01,RMSprop,NeuCMF0w,256,0.01,500,0.8216
0.01,RMSprop,NeuCMF0w,256,0.01,1000,0.8278
0.01,RMSprop,NeuCMF0w,256,0.1,500,0.8101
0.01,RMSprop,NeuCMF0w,256,0.1,1000,0.8198
0.01,RMSprop,NeuCMF0w,512,0.0,500,0.8198
0.01,RMSprop,NeuCMF0w,512,0.0,1000,0.8467
0.01,RMSprop,NeuCMF0w,512,0.01,500,0.83
0.01,RMSprop,NeuCMF0w,512,0.01,1000,0.8366
0.01,RMSprop,NeuCMF0w,512,0.1,500,0.8214
0.01,RMSprop,NeuCMF0w,512,0.1,1000,0.8044
0.01,RMSprop,NeuCMFw0,128,0.0,500,0.8203
0.01,RMSprop,NeuCMFw0,128,0.0,1000,0.8197
0.01,RMSprop,NeuCMFw0,128,0.01,500,0.8122
0.01,RMSprop,NeuCMFw0,128,0.01,1000,0.8093
0.01,RMSprop,NeuCMFw0,128,0.1,500,0.8602
0.01,RMSprop,NeuCMFw0,128,0.1,1000,0.8257
0.01,RMSprop,NeuCMFw0,256,0.0,500,0.81
0.01,RMSprop,NeuCMFw0,256,0.0,1000,0.8257
0.01,RMSprop,NeuCMFw0,256,0.01,500,0.8176
0.01,RMSprop,NeuCMFw0,256,0.01,1000,0.8303
0.01,RMSprop,NeuCMFw0,256,0.1,500,0.8119
0.01,RMSprop,NeuCMFw0,256,0.1,1000,0.8189
0.01,RMSprop,NeuCMFw0,512,0.0,500,0.8126
0.01,RMSprop,NeuCMFw0,512,0.0,1000,0.8252
0.01,RMSprop,NeuCMFw0,512,0.01,500,0.8024
0.01,RMSprop,NeuCMFw0,512,0.01,1000,0.8296
0.01,RMSprop,NeuCMFw0,512,0.1,500,0.821
0.01,RMSprop,NeuCMFw0,512,0.1,1000,0.8232
0.001,adam,NeuCMFii,128,0.0,500,0.8203
0.001,adam,NeuCMFii,128,0.0,1000,0.8267
0.001,adam,NeuCMFii,128,0.01,500,0.8143
0.001,adam,NeuCMFii,128,0.01,1000,0.8159
0.001,adam,NeuCMFii,128,0.1,500,0.8467
0.001,adam,NeuCMFii,128,0.1,1000,0.8145
0.001,adam,NeuCMFii,256,0.0,500,0.8323
0.001,adam,NeuCMFii,256,0.0,1000,0.827
0.001,adam,NeuCMFii,256,0.01,500,0.8302
0.001,adam,NeuCMFii,256,0.01,1000,0.8176
0.001,adam,NeuCMFii,256,0.1,500,0.8272
0.001,adam,NeuCMFii,256,0.1,1000,0.8245
0.001,adam,NeuCMFii,512,0.0,500,0.8133
0.001,adam,NeuCMFii,512,0.0,1000,0.8195
0.001,adam,NeuCMFii,512,0.01,500,0.8031
0.001,adam,NeuCMFii,512,0.01,1000,0.8046
0.001,adam,NeuCMFii,512,0.1,500,0.8112
0.001,adam,NeuCMFii,512,0.1,1000,0.8219
0.001,adam,NeuCMFww,128,0.0,500,0.8356
0.001,adam,NeuCMFww,128,0.0,1000,0.8141
0.001,adam,NeuCMFww,128,0.01,500,0.819
0.001,adam,NeuCMFww,128,0.01,1000,0.8255
0.001,adam,NeuCMFww,128,0.1,500,0.8228
0.001,adam,NeuCMFww,128,0.1,1000,0.8343
0.001,adam,NeuCMFww,256,0.0,500,0.8323
0.001,adam,NeuCMFww,256,0.0,1000,0.8408
0.001,adam,NeuCMFww,256,0.01,500,0.8276
0.001,adam,NeuCMFww,256,0.01,1000,0.8084
0.001,adam,NeuCMFww,256,0.1,500,0.8293
0.001,adam,NeuCMFww,256,0.1,1000,0.8166
0.001,adam,NeuCMFww,512,0.0,500,0.8061
0.001,adam,NeuCMFww,512,0.0,1000,0.833
0.001,adam,NeuCMFww,512,0.01,500,0.8407
0.001,adam,NeuCMFww,512,0.01,1000,0.8308
0.001,adam,NeuCMFww,512,0.1,500,0.8133
0.001,adam,NeuCMFww,512,0.1,1000,0.8034
0.001,adam,NeuCMF0i,128,0.0,500,0.8207
0.001,adam,NeuCMF0i,128,0.0,1000,0.8221
0.001,adam,NeuCMF0i,128,0.01,500,0.8076
0.001,adam,NeuCMF0i,128,0.01,1000,0.8372
0.001,adam,NeuCMF0i,128,0.1,500,0.8359
0.001,adam,NeuCMF0i,128,0.1,1000,0.8423
0.001,adam,NeuCMF0i,256,0.0,500,0.8196
0.001,adam,NeuCMF0i,256,0.0,1000,0.8262
0.001,adam,NeuCMF0i,256,0.01,500,0.8242
0.001,adam,NeuCMF0i,256,0.01,1000,0.8422
0.001,adam,NeuCMF0i,256,0.1,500,0.8391
0.001,adam,NeuCMF0i,256,0.1,1000,0.8047
0.001,adam,NeuCMF0i,512,0.0,500,0.8123
0.001,adam,NeuCMF0i,512,0.0,1000,0.8162
0.001,adam,NeuCMF0i,512,0.01,500,0.8249
0.001,adam,NeuCMF0i,512,0.01,1000,0.8338
0.001,adam,NeuCMF0i,512,0.1,500,0.8146
0.001,adam,NeuCMF0i,512,0.1,1000,0.8038
0.001,adam,NeuCMFi0,128,0.0,500,0.8201
0.001,adam,NeuCMFi0,128,0.0,1000,0.8249
0.001,adam,NeuCMFi0,128,0.01,500,0.8455
0.001,adam,NeuCMFi0,128,0.01,1000,0.8213
0.001,adam,NeuCMFi0,128,0.1,500,0.808
0.001,adam,NeuCMFi0,128,0.1,1000,0.826
0.001,adam,NeuCMFi0,256,0.0,500,0.8235
0.001,adam,NeuCMFi0,256,0.0,1000,0.8084
0.001,adam,NeuCMFi0,256,0.01,500,0.8292
0.001,adam,NeuCMFi0,256,0.01,1000,0.8101
0.001,adam,NeuCMFi0,256,0.1,500,0.7918
0.001,adam,NeuCMFi0,256,0.1,1000,0.824
0.001,adam,NeuCMFi0,512,0.0,500,0.8163
0.001,adam,NeuCMFi0,512,0.0,1000,0.8027
0.001,adam,NeuCMFi0,512,0.01,500,0.8214
0.001,adam,NeuCMFi0,512,0.01,1000,0.8309
0.001,adam,NeuCMFi0,512,0.1,500,0.8336
0.001,adam,NeuCMFi0,512,0.1,1000,0.815
0.001,adam,NeuCMF0w,128,0.0,500,0.8206
0.001,adam,NeuCMF0w,128,0.0,1000,0.8306
0.001,adam,NeuCMF0w,128,0.01,500,0.8245
0.001,adam,NeuCMF0w,128,0.01,1000,0.8272
0.001,adam,NeuCMF0w,128,0.1,500,0.8161
0.001,adam,NeuCMF0w,128,0.1,1000,0.8249
0.001,adam,NeuCMF0w,256,0.0,500,0.8217
0.001,adam,NeuCMF0w,256,0.0,1000,0.832
0.001,adam,NeuCMF0w,256,0.01,500,0.8317
0.001,adam,NeuCMF0w,256,0.01,1000,0.8197
0.001,adam,NeuCMF0w,256,0.1,500,0.8001
0.001,adam,NeuCMF0w,256,0.1,1000,0.8326
0.001,adam,NeuCMF0w,512,0.0,500,0.8058
0.001,adam,NeuCMF0w,512,0.0,1000,0.8317
0.001,adam,NeuCMF0w,512,0.01,500,0.8189
0.001,adam,NeuCMF0w,512,0.01,1000,0.8223
0.001,adam,NeuCMF0w,512,0.1,500,0.8281
0.001,adam,NeuCMF0w,512,0.1,1000,0.8281
0.001,adam,NeuCMFw0,128,0.0,500,0.8326
0.001,adam,NeuCMFw0,128,0.0,1000,0.8105
0.001,adam,NeuCMFw0,128,0.01,500,0.8274
0.001,adam,NeuCMFw0,128,0.01,1000,0.8067
0.001,adam,NeuCMFw0,128,0.1,500,0.807
0.001,adam,NeuCMFw0,128,0.1,1000,0.8244
0.001,adam,NeuCMFw0,256,0.0,500,0.8259
0.001,adam,NeuCMFw0,256,0.0,1000,0.8135
0.001,adam,NeuCMFw0,256,0.01,500,0.8008
0.001,adam,NeuCMFw0,256,0.01,1000,0.8125
0.001,adam,NeuCMFw0,256,0.1,500,0.8099
0.001,adam,NeuCMFw0,256,0.1,1000,0.8241
0.001,adam,NeuCMFw0,512,0.0,500,0.8306
0.001,adam,NeuCMFw0,512,0.0,1000,0.8387
0.001,adam,NeuCMFw0,512,0.01,500,0.8353
0.001,adam,NeuCMFw0,512,0.01,1000,0.8181
0.001,adam,NeuCMFw0,512,0.1,500,0.8199
0.001,adam,NeuCMFw0,512,0.1,1000,0.8145
0.001,RMSprop,NeuCMFii,128,0.0,500,0.8198
0.001,RMSprop,NeuCMFii,128,0.0,1000,0.8095
0.001,RMSprop,NeuCMFii,128,0.01,500,0.806
0.001,RMSprop,NeuCMFii,128,0.01,1000,0.8418
0.001,RMSprop,NeuCMFii,128,0.1,500,0.8097
0.001,RMSprop,NeuCMFii,128,0.1,1000,0.815
0.001,RMSprop,NeuCMFii,256,0.0,500,0.8225
0.001,RMSprop,NeuCMFii,256,0.0,1000,0.8234
0.001,RMSprop,NeuCMFii,256,0.01,500,0.8128
0.001,RMSprop,NeuCMFii,256,0.01,1000,0.8287
0.001,RMSprop,NeuCMFii,256,0.1,500,0.8108
0.001,RMSprop,NeuCMFii,256,0.1,1000,0.8356
0.001,RMSprop,NeuCMFii,512,0.0,500,0.8176
0.001,RMSprop,NeuCMFii,512,0.0,1000,0.8187
0.001,RMSprop,NeuCMFii,512,0.01,500,0.8266
0.001,RMSprop,NeuCMFii,512,0.01,1000,0.8158
0.001,RMSprop,NeuCMFii,512,0.1,500,0.8362
0.001,RMSprop,NeuCMFii,512,0.1,1000,0.8169
0.001,RMSprop,NeuCMFww,128,0.0,500,0.8175
0.001,RMSprop,NeuCMFww,128,0.0,1000,0.826
0.001,RMSprop,NeuCMFww,128,0.01,500,0.818
0.001,RMSprop,NeuCMFww,128,0.01,1000,0.8257
0.001,RMSprop,NeuCMFww,128,0.1,500,0.8106
0.001,RMSprop,NeuCMFww,128,0.1,1000,0.8366
0.001,RMSprop,NeuCMFww,256,0.0,500,0.8153
0.001,RMSprop,NeuCMFww,256,0.0,1000,0.8066
0.001,RMSprop,NeuCMFww,256,0.01,500,0.8025
0.001,RMSprop,NeuCMFww,256,0.01,1000,0.8137
0.001,RMSprop,NeuCMFww,256,0.1,500,0.8339
0.001,RMSprop,NeuCMFww,256,0.1,1000,0.8124
0.001,RMSprop,NeuCMFww,512,0.0,500,0.8008
0.001,RMSprop,NeuCMFww,512,0.0,1000,0.84
0.001,RMSprop,NeuCMFww,512,0.01,500,0.8383
0.001,RMSprop,NeuCMFww,512,0.01,1000,0.8258
0.001,RMSprop,NeuCMFww,512,0.1,500,0.8073
0.001,RMSprop,NeuCMFww,512,0.1,1000,0.8122
0.001,RMSprop,NeuCMF0i,128,0.0,500,0.8142
0.001,RMSprop,NeuCMF0i,128,0.0,1000,0.8252
0.001,RMSprop,NeuCMF0i,128,0.01,500,0.8172
0.001,RMSprop,NeuCMF0i,128,0.01,1000,0.8095
0.001,RMSprop,NeuCMF0i,128,0.1,500,0.8345
0.001,RMSprop,NeuCMF0i,128,0.1,1000,0.8133
0.001,RMSprop,NeuCMF0i,256,0.0,500,0.8341
0.001,RMSprop,NeuCMF0i,256,0.0,1000,0.8258
0.001,RMSprop,NeuCMF0i,256,0.01,500,0.8078
0.001,RMSprop,NeuCMF0i,256,0.01,1000,0.8341
0.001,RMSprop,NeuCMF0i,256,0.1,500,0.8264
0.001,RMSprop,NeuCMF0i,256,0.1,1000,0.8046
0.001,RMSprop,NeuCMF0i,512,0.0,500,0.8284
0.001,RMSprop,NeuCMF0i,512,0.0,1000,0.8113
0.001,RMSprop,NeuCMF0i,512,0.01,500,0.8223
0.001,RMSprop,NeuCMF0i,512,0.01,1000,0.7977
0.001,RMSprop,NeuCMF0i,512,0.1,500,0.8387
0.001,RMSprop,NeuCMF0i,512,0.1,1000,0.8108
0.001,RMSprop,NeuCMFi0,128,0.0,500,0.8041
0.001,RMSprop,NeuCMFi0,128,0.0,1000,0.8191
0.001,RMSprop,NeuCMFi0,128,0.01,500,0.7958
0.001,RMSprop,NeuCMFi0,128,0.01,1000,0.8095
0.001,RMSprop,NeuCMFi0,128,0.1,500,0.7972
0.001,RMSprop,NeuCMFi0,128,0.1,1000,0.8571
0.001,RMSprop,NeuCMFi0,256,0.0,500,0.818
0.001,RMSprop,NeuCMFi0,256,0.0,1000,0.8193
0.001,RMSprop,NeuCMFi0,256,0.01,500,0.8099
0.001,RMSprop,NeuCMFi0,256,0.01,1000,0.8055
0.001,RMSprop,NeuCMFi0,256,0.1,500,0.8036
0.001,RMSprop,NeuCMFi0,256,0.1,1000,0.8013
0.001,RMSprop,NeuCMFi0,512,0.0,500,0.8276
0.001,RMSprop,NeuCMFi0,512,0.0,1000,0.8134
0.001,RMSprop,NeuCMFi0,512,0.01,500,0.8101
0.001,RMSprop,NeuCMFi0,512,0.01,1000,0.8183
0.001,RMSprop,NeuCMFi0,512,0.1,500,0.8313
0.001,RMSprop,NeuCMFi0,512,0.1,1000,0.8246
0.001,RMSprop,NeuCMF0w,128,0.0,500,0.8382
0.001,RMSprop,NeuCMF0w,128,0.0,1000,0.8207
0.001,RMSprop,NeuCMF0w,128,0.01,500,0.8228
0.001,RMSprop,NeuCMF0w,128,0.01,1000,0.8077
0.001,RMSprop,NeuCMF0w,128,0.1,500,0.8322
0.001,RMSprop,NeuCMF0w,128,0.1,1000,0.8113
0.001,RMSprop,NeuCMF0w,256,0.0,500,0.8435
0.001,RMSprop,NeuCMF0w,256,0.0,1000,0.7963
0.001,RMSprop,NeuCMF0w,256,0.01,500,0.7981
0.001,RMSprop,NeuCMF0w,256,0.01,1000,0.8145
0.001,RMSprop,NeuCMF0w,256,0.1,500,0.8239
0.001,RMSprop,NeuCMF0w,256,0.1,1000,0.8317
0.001,RMSprop,NeuCMF0w,512,0.0,500,0.8353
0.001,RMSprop,NeuCMF0w,512,0.0,1000,0.85
0.001,RMSprop,NeuCMF0w,512,0.01,500,0.827
0.001,RMSprop,NeuCMF0w,512,0.01,1000,0.8154
0.001,RMSprop,NeuCMF0w,512,0.1,500,0.8188
0.001,RMSprop,NeuCMF0w,512,0.1,1000,0.8265
0.001,RMSprop,NeuCMFw0,128,0.0,500,0.806
0.001,RMSprop,NeuCMFw0,128,0.0,1000,0.8105
0.001,RMSprop,NeuCMFw0,128,0.01,500,0.8273
0.001,RMSprop,NeuCMFw0,128,0.01,1000,0.8108
0.001,RMSprop,NeuCMFw0,128,0.1,500,0.8262
0.001,RMSprop,NeuCMFw0,128,0.1,1000,0.7943
0.001,RMSprop,NeuCMFw0,256,0.0,500,0.8018
0.001,RMSprop,NeuCMFw0,256,0.0,1000,0.8301
0.001,RMSprop,NeuCMFw0,256,0.01,500,0.8066
0.001,RMSprop,NeuCMFw0,256,0.01,1000,0.812
0.001,RMSprop,NeuCMFw0,256,0.1,500,0.8185
0.001,RMSprop,NeuCMFw0,256,0.1,1000,0.8114
0.001,RMSprop,NeuCMFw0,512,0.0,500,0.8345
0.001,RMSprop,NeuCMFw0,512,0.0,1000,0.8158
0.001,RMSprop,NeuCMFw0,512,0.01,500,0.8252
0.001,RMSprop,NeuCMFw0,512,0.01,1000,0.8209
0.001,RMSprop,NeuCMFw0,512,0.1,500,0.8314
0.001,RMSprop,NeuCMFw0,512,0.1,1000,0.8508
0.0001,adam,NeuCMFii,128,0.0,500,0.84
0.0001,adam,NeuCMFii,128,0.0,1000,0.8194
0.0001,adam,NeuCMFii,128,0.01,500,0.8104
0.0001,adam,NeuCMFii,128,0.01,1000,0.8434
0.0001,adam,NeuCMFii,128,0.1,500,0.8473
0.0001,adam,NeuCMFii,128,0.1,1000,0.8238
0.0001,adam,NeuCMFii,256,0.0,500,0.8177
0.0001,adam,NeuCMFii,256,0.0,1000,0.8096
0.0001,adam,NeuCMFii,256,0.01,500,0.8155
0.0001,adam,NeuCMFii,256,0.01,1000,0.8142
0.0001,adam,NeuCMFii,256,0.1,500,0.828
0.0001,adam,NeuCMFii,256,0.1,1000,0.797
0.0001,adam,NeuCMFii,512,0.0,500,0.8096
0.0001,adam,NeuCMFii,512,0.0,1000,0.8315
0.0001,adam,NeuCMFii,512,0.01,500,0.8357
0.0001,adam,NeuCMFii,512,0.01,1000,0.8049
0.0001,adam,NeuCMFii,512,0.1,500,0.8145
0.0001,adam,NeuCMFii,512,0.1,1000,0.8371
0.0001,adam,NeuCMFww,128,0.0,500,0.8017
0.0001,adam,NeuCMFww,128,0.0,1000,0.8299
0.0001,adam,NeuCMFww,128,0.01,500,0.8347
0.0001,adam,NeuCMFww,128,0.01,1000,0.8258
0.0001,adam,NeuCMFww,128,0.1,500,0.8073
0.0001,adam,NeuCMFww,128,0.1,1000,0.807
0.0001,adam,NeuCMFww,256,0.0,500,0.8189
0.0001,adam,NeuCMFww,256,0.0,1000,0.8303
0.0001,adam,NeuCMFww,256,0.01,500,0.8501
0.0001,adam,NeuCMFww,256,0.01,1000,0.802
0.0001,adam,NeuCMFww,256,0.1,500,0.8463
0.0001,adam,NeuCMFww,256,0.1,1000,0.7976
0.0001,adam,NeuCMFww,512,0.0,500,0.8278
0.0001,adam,NeuCMFww,512,0.0,1000,0.8381
0.0001,adam,NeuCMFww,512,0.01,500,0.808
0.0001,adam,NeuCMFww,512,0.01,1000,0.828
0.0001,adam,NeuCMFww,512,0.1,500,0.8315
0.0001,adam,NeuCMFww,512,0.1,1000,0.8199
0.0001,adam,NeuCMF0i,128,0.0,500,0.8155
0.0001,adam,NeuCMF0i,128,0.0,1000,0.8083
0.0001,adam,NeuCMF0i,128,0.01,500,0.8339
0.0001,adam,NeuCMF0i,128,0.01,1000,0.8299
0.0001,adam,NeuCMF0i,128,0.1,500,0.8345
0.0001,adam,NeuCMF0i,128,0.1,1000,0.8127
0.0001,adam,NeuCMF0i,256,0.0,500,0.8253
0.0001,adam,NeuCMF0i,256,0.0,1000,0.8193
0.0001,adam,NeuCMF0i,256,0.01,500,0.7952
0.0001,adam,NeuCMF0i,256,0.01,1000,0.8242
0.0001,adam,NeuCMF0i,256,0.1,500,0.8398
0.0001,adam,NeuCMF0i,256,0.1,1000,0.8077
0.0001,adam,NeuCMF0i,512,0.0,500,0.8271
0.0001,adam,NeuCMF0i,512,0.0,1000,0.8195
0.0001,adam,NeuCMF0i,512,0.01,500,0.8138
0.0001,adam,NeuCMF0i,512,0.01,1000,0.8058
0.0001,adam,NeuCMF0i,512,0.1,500,0.8601
0.0001,adam,NeuCMF0i,512,0.1,1000,0.835
0.0001,adam,NeuCMFi0,128,0.0,500,0.8256
0.0001,adam,NeuCMFi0,128,0.0,1000,0.8458
0.0001,adam,NeuCMFi0,128,0.01,500,0.8313
0.0001,adam,NeuCMFi0,128,0.01,1000,0.8235
0.0001,adam,NeuCMFi0,128,0.1,500,0.8287
0.0001,adam,NeuCMFi0,128,0.1,1000,0.8137
0.0001,adam,NeuCMFi0,256,0.0,500,0.8498
0.0001,adam,NeuCMFi0,256,0.0,1000,0.8211
0.0001,adam,NeuCMFi0,256,0.01,500,0.8046
0.0001,adam,NeuCMFi0,256,0.01,1000,0.7935
0.0001,adam,NeuCMFi0,256,0.1,500,0.8228
0.0001,adam,NeuCMFi0,256,0.1,1000,0.8371
0.0001,adam,NeuCMFi0,512,0.0,500,0.8095
0.0001,adam,NeuCMFi0,512,0.0,1000,0.8362
0.0001,adam,NeuCMFi0,512,0.01,500,0.8071
0.0001,adam,NeuCMFi0,512,0.01,1000,0.8262
0.0001,adam,NeuCMFi0,512,0.1,500,0.8191
0.0001,adam,NeuCMFi0,512,0.1,1000,0.8093
0.0001,adam,NeuCMF0w,128,0.0,500,0.8247
0.0001,adam,NeuCMF0w,128,0.0,1000,0.8173
0.0001,adam,NeuCMF0w,128,0.01,500,0.8239
0.0001,adam,NeuCMF0w,128,0.01,1000,0.8262
0.0001,adam,NeuCMF0w,128,0.1,500,0.838
0.0001,adam,NeuCMF0w,128,0.1,1000,0.8272
0.0001,adam,NeuCMF0w,256,0.0,500,0.8426
0.0001,adam,NeuCMF0w,256,0.0,1000,0.8288
0.0001,adam,NeuCMF0w,256,0.01,500,0.8002
0.0001,adam,NeuCMF0w,256,0.01,1000,0.8232
0.0001,adam,NeuCMF0w,256,0.1,500,0.8183
0.0001,adam,NeuCMF0w,256,0.1,1000,0.8195
0.0001,adam,NeuCMF0w,512,0.0,500,0.8276
0.0001,adam,NeuCMF0w,512,0.0,1000,0.8098
0.0001,adam,NeuCMF0w,512,0.01,500,0.8303
0.0001,adam,NeuCMF0w,512,0.01,1000,0.8044
0.0001,adam,NeuCMF0w,512,0.1,500,0.8373
0.0001,adam,NeuCMF0w,512,0.1,1000,0.8236
0.0001,adam,NeuCMFw0,128,0.0,500,0.8221
0.0001,adam,NeuCMFw0,128,0.0,1000,0.8154
0.0001,adam,NeuCMFw0,128,0.01,500,0.8279
0.0001,adam,NeuCMFw0,128,0.01,1000,0.8335
0.0001,adam,NeuCMFw0,128,0.1,500,0.7912
0.0001,adam,NeuCMFw0,128,0.1,1000,0.8102
0.0001,adam,NeuCMFw0,256,0.0,500,0.8351
0.0001,adam,NeuCMFw0,256,0.0,1000,0.8257
0.0001,adam,NeuCMFw0,256,0.01,500,0.8137
0.0001,adam,NeuCMFw0,256,0.01,1000,0.8009
0.0001,adam,NeuCMFw0,256,0.1,500,0.8213
0.0001,adam,NeuCMFw0,256,0.1,1000,0.7917
0.0001,adam,NeuCMFw0,512,0.0,500,0.8023
0.0001,adam,NeuCMFw0,512,0.0,1000,0.8038
0.0001,adam,NeuCMFw0,512,0.01,500,0.8174
0.0001,adam,NeuCMFw0,512,0.01,1000,0.8266
0.0001,adam,NeuCMFw0,512,0.1,500,0.8178
0.0001,adam,NeuCMFw0,512,0.1,1000,0.8163
0.0001,RMSprop,NeuCMFii,128,0.0,500,0.8447
0.0001,RMSprop,NeuCMFii,128,0.0,1000,0.8488
0.0001,RMSprop,NeuCMFii,128,0.01,500,0.8009
0.0001,RMSprop,NeuCMFii,128,0.01,1000,0.8131
0.0001,RMSprop,NeuCMFii,128,0.1,500,0.83
0.0001,RMSprop,NeuCMFii,128,0.1,1000,0.8154
0.0001,RMSprop,NeuCMFii,256,0.0,500,0.8319
0.0001,RMSprop,NeuCMFii,256,0.0,1000,0.8309
0.0001,RMSprop,NeuCMFii,256,0.01,500,0.8108
0.0001,RMSprop,NeuCMFii,256,0.01,1000,0.8442
0.0001,RMSprop,NeuCMFii,256,0.1,500,0.8081
0.0001,RMSprop,NeuCMFii,256,0.1,1000,0.8183
0.0001,RMSprop,NeuCMFii,512,0.0,500,0.8255
0.0001,RMSprop,NeuCMFii,512,0.0,1000,0.8045
0.0001,RMSprop,NeuCMFii,512,0.01,500,0.81
0.0001,RMSprop,NeuCMFii,512,0.01,1000,0.8269
0.0001,RMSprop,NeuCMFii,512,0.1,500,0.8282
